[{"SchemaMethods":"[{\"name\":\"record\",\"title\":\"打卡\",\"type\":\"cloud-function\",\"intent\":\"create\",\"inParams\":{\"type\":\"object\",\"additionalProperties\":true,\"properties\":{\"steps\":{\"format\":\"x-image\",\"type\":\"string\",\"x-image-size\":10485760,\"x-id\":\"6cd6e5a\",\"x-index\":2,\"name\":\"steps\",\"title\":\"步数\",\"description\":\"\",\"x-keyPath\":\"\",\"x-unique\":false,\"x-required\":false,\"isEnum\":false},\"type\":{\"format\":\"\",\"type\":\"string\",\"maxLength\":4000,\"x-id\":\"8552c4d\",\"x-index\":4,\"title\":\"打卡类型\",\"description\":\"\",\"x-keyPath\":\"\",\"x-unique\":false,\"x-required\":false,\"name\":\"type\",\"isEnum\":false},\"feeling\":{\"format\":\"\",\"type\":\"string\",\"maxLength\":4000,\"x-id\":\"8e4af74\",\"x-index\":6,\"title\":\"心情\",\"description\":\"\",\"x-keyPath\":\"\",\"x-unique\":false,\"x-required\":false,\"name\":\"feeling\",\"isEnum\":false},\"photos\":{\"format\":\"\",\"type\":\"array\",\"items\":{\"format\":\"x-image\",\"type\":\"string\",\"x-image-size\":5242880},\"x-id\":\"6bb4cb3\",\"x-index\":8,\"title\":\"照片\",\"description\":\"\",\"x-keyPath\":\"\",\"x-unique\":false,\"x-required\":false,\"name\":\"photos\",\"isEnum\":false}},\"required\":[]},\"outParams\":{\"title\":\"value\",\"x-id\":\"61e0v9kc\",\"type\":\"object\",\"x-keyPath\":\"\",\"properties\":{\"owner\":{\"title\":\"所有人\",\"x-id\":\"ansjjjkn\",\"type\":\"string\",\"x-keyPath\":\"owner\",\"name\":\"owner\",\"isEnum\":false,\"format\":\"\",\"maxLength\":4000,\"x-index\":2,\"description\":\"\",\"x-unique\":false,\"x-required\":false},\"exercise\":{\"title\":\"运动\",\"x-id\":\"0l1bmwpc\",\"type\":\"string\",\"x-keyPath\":\"exercise\",\"name\":\"exercise\",\"isEnum\":false,\"format\":\"\",\"maxLength\":4000,\"x-index\":4,\"description\":\"\",\"x-unique\":false,\"x-required\":false},\"feeling\":{\"title\":\"心情\",\"x-id\":\"ni82t37h\",\"type\":\"string\",\"x-keyPath\":\"feeling\",\"name\":\"feeling\",\"isEnum\":false,\"format\":\"\",\"maxLength\":4000,\"x-index\":6,\"description\":\"\",\"x-unique\":false,\"x-required\":false},\"steps\":{\"title\":\"步数\",\"x-id\":\"fhv8p4sv\",\"type\":\"number\",\"x-keyPath\":\"steps\",\"name\":\"steps\",\"isEnum\":false,\"format\":\"\",\"x-index\":8,\"description\":\"\",\"x-unique\":false,\"x-required\":false},\"photos\":{\"title\":\"照片\",\"x-id\":\"hsh4tdtf\",\"type\":\"array\",\"x-keyPath\":\"photos\",\"items\":{\"title\":\"value\",\"x-id\":\"wmcidbwd\",\"type\":\"string\",\"x-keyPath\":\"$item\",\"format\":\"\",\"maxLength\":4000},\"name\":\"photos\",\"isEnum\":false,\"format\":\"\",\"x-index\":10,\"description\":\"\",\"x-unique\":false,\"x-required\":false},\"createdAt\":{\"title\":\"createdAt\",\"x-id\":\"uwozr1ru\",\"type\":\"number\",\"x-keyPath\":\"createdAt\"},\"createBy\":{\"title\":\"createBy\",\"x-id\":\"lqb9sxbq\",\"type\":\"string\",\"x-keyPath\":\"createBy\"},\"updateBy\":{\"title\":\"updateBy\",\"x-id\":\"r2gqaxm4\",\"type\":\"string\",\"x-keyPath\":\"updateBy\"},\"_id\":{\"title\":\"_id\",\"x-id\":\"qncyg0x1\",\"type\":\"string\",\"x-keyPath\":\"_id\"},\"updatedAt\":{\"title\":\"updatedAt\",\"x-id\":\"bahu7di5\",\"type\":\"number\",\"x-keyPath\":\"updatedAt\"}}},\"calleeBody\":{\"callee\":\"/**\\n* 使用 npm 包 node-fetch 发送http请求, 详细使用文档可以参考\\n*  https://github.com/node-fetch/node-fetch\\n*/\\n\\nmodule.exports = async function (params, context) {\\n  // 这里是方法入参\\n  console.log(params);\\n  /**\\n   * 可以在这里编写业务逻辑，例如：\\n   * 1. 使用 node-fetch 通过 HTTP 方式请求外部数据，并对获取的数据进行加工；\\n   * 2. 使用 context.database API 来直接操作云开发云数据库；\\n   * 3. 使用 context.callModel 来操作其他数据模型数据；\\n   * 4. 使用 context.callConnector 来使用API；\\n   * 5. 使用 context.app.callFunction 来调用同环境的云开发云函数；\\n   * 参考文档 https://docs.cloudbase.net/lowcode/datasource/add-methods#%E4%BA%91%E5%87%BD%E6%95%B0context\\n   *  数据源文档https://cloud.tencent.com/document/product/1301/83134\\n   * 查询用户信息\\n   */\\n  const user = await context.callModel({\\n      name: 'sys_user', // 数据模型标识，可以前往「数据源 - 数据模型」列表页查看\\n      methodName: 'wedaGetItem', // 数据模型方法标识，支持的方法可以前往「数据源 - 数据模型」的任一数据模型详情页查看当前模型支持的方法\\n      params: {\\n        where: {\\n          key: \\\"uuid\\\",\\n          rel: \\\"eq\\\",\\n          val: context.env.uid,\\n        }\\n      }, // 数据模型方法的入参\\n  })\\n  console.log(user)\\n\\n  // 查询用户积分记录\\n  const userRecord = await context.callModel({\\n      name: 'sport_user_we79xzb', // 数据模型标识，可以前往「数据源 - 数据模型」列表页查看\\n      methodName: 'wedaGetItem', // 数据模型方法标识，支持的方法可以前往「数据源 - 数据模型」的任一数据模型详情页查看当前模型支持的方法\\n      params: {\\n        where: {\\n          key: \\\"user_id\\\",\\n          rel: \\\"eq\\\",\\n          val: user._id,\\n        }\\n      }, // 数据模型方法的入参\\n  })\\n\\n  // 获取当前日期\\n  const today = new Date();\\n  // 获取年、月、日\\n  const year = today.getFullYear();\\n  const month = today.getMonth() + 1;\\n  const day = today.getDate();\\n  // 获取当天0点和明天0点的时间戳\\n  const todayStart = new Date(year, month - 1, day, 0, 0, 0).getTime();\\n  const tomorrowStart = new Date(year, month - 1, day + 1, 0, 0, 0).getTime();\\n\\n  // 查询是否已经打过卡\\n  const record = await context.callModel({\\n      name: 'sport_records_4ixanmc', // 数据模型标识，可以前往「数据源 - 数据模型」列表页查看\\n      methodName: 'wedaGetItem', // 数据模型方法标识，支持的方法可以前往「数据源 - 数据模型」的任一数据模型详情页查看当前模型支持的方法\\n      params: {\\n        where: [\\n          {\\n            key: \\\"user\\\",\\n            rel: \\\"eq\\\",\\n            val: user._id,\\n          },\\n          {\\n            key: \\\"createdAt\\\",\\n            rel: \\\"lt\\\",\\n            val: tomorrowStart,\\n          },\\n           {\\n            key: \\\"createdAt\\\",\\n            rel: \\\"gte\\\",\\n            val: todayStart,\\n          }\\n        ]\\n      }, // 数据模型方法的入参\\n  })\\n\\n  if (record._id) {\\n    throw new Error('今天已经打过卡了，请明天再来吧')\\n  }\\n  // 生成5到30之间的随机整数来作为积分增加数量\\n  const randomInt = Math.floor(Math.random() * 26) + 5;\\n\\n  // 增加积分\\n  await context.callModel({\\n    name: 'sport_user_we79xzb', // 数据模型标识，可以前往「数据源 - 数据模型」列表页查看\\n    methodName: 'wedaUpdate', // 数据模型方法标识，支持的方法可以前往「数据源 - 数据模型」的任一数据模型详情页查看当前模型支持的方法\\n    params: {\\n      _id: userRecord._id,\\n      sports_coin: (userRecord.sports_coin || 0) + randomInt \\n    }, // 数据模型方法的入参\\n  })\\n\\n  const {\\n    feeling,\\n    exercise,\\n    steps,\\n    photos,\\n    type,\\n  } = params\\n\\n  // 写入打卡记录\\n  return context.callModel({\\n    name: 'sport_records_4ixanmc', // 数据模型标识，可以前往「数据源 - 数据模型」列表页查看\\n    methodName: 'wedaCreate', // 数据模型方法标识，支持的方法可以前往「数据源 - 数据模型」的任一数据模型详情页查看当前模型支持的方法\\n    params: {\\n      feeling,\\n      exercise,\\n      steps,\\n      photos,\\n      type,\\n      user: user._id,\\n      userRecord: userRecord._id,\\n      coin: randomInt\\n    }\\n  })\\n};\",\"config\":{\"deps\":{}}},\"isCollapse\":true,\"isShow\":true,\"uuid\":\"a550e7e0-0a77-4289-af8d-b3cd02fcc16c\",\"isTitleInValid\":false,\"isNameInValid\":false},{\"name\":\"getUserInfo\",\"title\":\"查询用户信息\",\"type\":\"cloud-function\",\"intent\":\"create\",\"inParams\":{\"type\":\"object\",\"additionalProperties\":true,\"properties\":{},\"required\":[]},\"outParams\":{\"title\":\"value\",\"x-id\":\"fdgnd407\",\"type\":\"object\",\"x-keyPath\":\"\",\"properties\":{\"user_id\":{\"title\":\"用户id\",\"x-id\":\"g8n7vzji\",\"type\":\"string\",\"x-keyPath\":\"user_id\",\"name\":\"user_id\",\"isEnum\":false,\"format\":\"\",\"maxLength\":4000,\"x-index\":2,\"description\":\"\",\"x-unique\":false,\"x-required\":false},\"sports_coin\":{\"title\":\"能量币\",\"x-id\":\"vb22lh7d\",\"type\":\"number\",\"x-keyPath\":\"sports_coin\",\"name\":\"sports_coin\",\"isEnum\":false,\"format\":\"\",\"x-index\":4,\"description\":\"\",\"x-unique\":false,\"x-required\":false},\"_id\":{\"title\":\"_id\",\"x-id\":\"m9ggd712\",\"type\":\"string\",\"x-keyPath\":\"_id\"}}},\"calleeBody\":{\"callee\":\"/**\\n* 使用 npm 包 node-fetch 发送http请求, 详细使用文档可以参考\\n*  https://github.com/node-fetch/node-fetch\\n*/\\nmodule.exports = async function (params, context) {\\n  // 这里是方法入参\\n  console.log(params);\\n  /**\\n   * 可以在这里编写业务逻辑，例如：\\n   * 1. 使用 node-fetch 通过 HTTP 方式请求外部数据，并对获取的数据进行加工；\\n   * 2. 使用 context.database API 来直接操作云开发云数据库；\\n   * 3. 使用 context.callModel 来操作其他数据模型数据；\\n   * 4. 使用 context.callConnector 来使用API；\\n   * 5. 使用 context.app.callFunction 来调用同环境的云开发云函数；\\n   * 参考文档 https://docs.cloudbase.net/lowcode/datasource/add-methods#%E4%BA%91%E5%87%BD%E6%95%B0context\\n   * 数据源文档https://cloud.tencent.com/document/product/1301/83134\\n   * 查询用户信息\\n   */\\n  const user = await context.callModel({\\n      name: 'sys_user', // 数据模型标识，可以前往「数据源 - 数据模型」列表页查看\\n      methodName: 'wedaGetItem', // 数据模型方法标识，支持的方法可以前往「数据源 - 数据模型」的任一数据模型详情页查看当前模型支持的方法\\n      params: {\\n        where: {\\n          key: \\\"uuid\\\",\\n          rel: \\\"eq\\\",\\n          val: context.env.uid,\\n        }\\n      }, // 数据模型方法的入参\\n  })\\n  console.log(user)\\n\\n  // 查询用户积分记录\\n  return context.callModel({\\n      name: 'sport_user_we79xzb', // 数据模型标识，可以前往「数据源 - 数据模型」列表页查看\\n      methodName: 'wedaGetItem', // 数据模型方法标识，支持的方法可以前往「数据源 - 数据模型」的任一数据模型详情页查看当前模型支持的方法\\n      params: {\\n        where: {\\n          key: \\\"user_id\\\",\\n          rel: \\\"eq\\\",\\n          val: user._id,\\n        }\\n      }, // 数据模型方法的入参\\n  })\\n};\",\"config\":{\"deps\":{}}},\"isCollapse\":true,\"isShow\":true,\"uuid\":\"fb48e42c-022c-472d-960e-2c1801777c0c\",\"isTitleInValid\":false,\"isNameInValid\":false},{\"name\":\"buy\",\"title\":\"积分兑换\",\"type\":\"cloud-function\",\"intent\":\"create\",\"inParams\":{\"type\":\"object\",\"additionalProperties\":true,\"properties\":{\"product_id\":{\"format\":\"\",\"type\":\"string\",\"maxLength\":4000,\"x-id\":\"a334d44\",\"x-index\":2,\"title\":\"产品id\",\"description\":\"\",\"x-keyPath\":\"\",\"x-unique\":false,\"x-required\":true},\"amount\":{\"format\":\"\",\"type\":\"number\",\"numberCount\":0,\"x-id\":\"941397e\",\"x-index\":4,\"title\":\"数量\",\"description\":\"\",\"x-keyPath\":\"\",\"x-unique\":false,\"x-required\":false}},\"required\":[]},\"outParams\":{\"type\":\"object\",\"additionalProperties\":true,\"properties\":{\"_id\":{\"format\":\"\",\"type\":\"string\",\"maxLength\":4000,\"x-id\":\"a482a08\",\"x-index\":2,\"title\":\"兑换记录id\",\"description\":\"\",\"x-keyPath\":\"\",\"x-unique\":false,\"x-required\":false}},\"required\":[]},\"calleeBody\":{\"callee\":\"/**\\n* 使用 npm 包 node-fetch 发送http请求, 详细使用文档可以参考\\n*  https://github.com/node-fetch/node-fetch\\n*/\\n\\nmodule.exports = async function (params, context) {\\n  // 这里是方法入参\\n  console.log(params);\\n\\n  if(!params.amount || !params.product_id) {\\n    throw new Error('请选择正确的商品和数量')\\n  }\\n  /**\\n   * 可以在这里编写业务逻辑，例如：\\n   * 1. 使用 node-fetch 通过 HTTP 方式请求外部数据，并对获取的数据进行加工；\\n   * 2. 使用 context.database API 来直接操作云开发云数据库；\\n   * 3. 使用 context.callModel 来操作其他数据模型数据；\\n   * 4. 使用 context.callConnector 来使用API；\\n   * 5. 使用 context.app.callFunction 来调用同环境的云开发云函数；\\n   * 参考文档 https://docs.cloudbase.net/lowcode/datasource/add-methods#%E4%BA%91%E5%87%BD%E6%95%B0context\\n   *  数据源文档https://cloud.tencent.com/document/product/1301/83134\\n   * 查询用户信息\\n   */\\n  const user = await context.callModel({\\n      name: 'sys_user', // 数据模型标识，可以前往「数据源 - 数据模型」列表页查看\\n      methodName: 'wedaGetItem', // 数据模型方法标识，支持的方法可以前往「数据源 - 数据模型」的任一数据模型详情页查看当前模型支持的方法\\n      params: {\\n        where: {\\n          key: \\\"uuid\\\",\\n          rel: \\\"eq\\\",\\n          val: context.env.uid,\\n        }\\n      }, // 数据模型方法的入参\\n  })\\n  console.log(user)\\n\\n  // 查询用户积分记录\\n  const userRecord = await context.callModel({\\n      name: 'sport_user_we79xzb', // 数据模型标识，可以前往「数据源 - 数据模型」列表页查看\\n      methodName: 'wedaGetItem', // 数据模型方法标识，支持的方法可以前往「数据源 - 数据模型」的任一数据模型详情页查看当前模型支持的方法\\n      params: {\\n        where: {\\n          key: \\\"user_id\\\",\\n          rel: \\\"eq\\\",\\n          val: user._id,\\n        }\\n      }, // 数据模型方法的入参\\n  })\\n\\n  // 查询商品价格\\n  const product = await context.callModel({\\n      name: 'sport_product_1ub5og3', // 数据模型标识，可以前往「数据源 - 数据模型」列表页查看\\n      methodName: 'wedaGetItem', // 数据模型方法标识，支持的方法可以前往「数据源 - 数据模型」的任一数据模型详情页查看当前模型支持的方法\\n      params: {\\n        _id: params.product_id\\n      }, // 数据模型方法的入参\\n  })\\n\\n  if (!product._id || product.stock < params.amount) {\\n    throw new Error('商品不存在或者没有库存，请更换其他商品')\\n  }\\n  \\n  const total = params.amount * product.price;\\n\\n  if (total >  userRecord.sports_coin) {\\n    throw new Error('用户能量币不足以兑换所需数量的商品')\\n  }\\n\\n  // 消耗积分\\n  await context.callModel({\\n    name: 'sport_user_we79xzb', // 数据模型标识，可以前往「数据源 - 数据模型」列表页查看\\n    methodName: 'wedaUpdate', // 数据模型方法标识，支持的方法可以前往「数据源 - 数据模型」的任一数据模型详情页查看当前模型支持的方法\\n    params: {\\n      _id: userRecord._id,\\n      sports_coin: userRecord.sports_coin - total \\n    }, // 数据模型方法的入参\\n  })\\n\\n  // 减库存\\n  await context.callModel({\\n    name: 'sport_product_1ub5og3', // 数据模型标识，可以前往「数据源 - 数据模型」列表页查看\\n    methodName: 'wedaUpdate', // 数据模型方法标识，支持的方法可以前往「数据源 - 数据模型」的任一数据模型详情页查看当前模型支持的方法\\n    params: {\\n      _id: product._id,\\n      stock: product.stock - params.amount \\n    }, // 数据模型方法的入参\\n  })\\n\\n  // 写入兑换记录\\n  return context.callModel({\\n    name: 'sport_buy_records_p7vysfe', // 数据模型标识，可以前往「数据源 - 数据模型」列表页查看\\n    methodName: 'wedaCreate', // 数据模型方法标识，支持的方法可以前往「数据源 - 数据模型」的任一数据模型详情页查看当前模型支持的方法\\n    params: {\\n      total,\\n      product_id: params.product_id,\\n      amount: params.amount,\\n      user_id: user._id\\n    }\\n  })\\n};\",\"config\":{\"deps\":{}}},\"isCollapse\":true,\"isShow\":true,\"uuid\":\"82770dd9-2899-4a57-a243-7a16a75561eb\",\"isTitleInValid\":false,\"isNameInValid\":false},{\"name\":\"updateUserInfo\",\"title\":\"更新用户信息\",\"type\":\"cloud-function\",\"intent\":\"create\",\"inParams\":{\"type\":\"object\",\"additionalProperties\":true,\"properties\":{\"name\":{\"format\":\"\",\"type\":\"string\",\"maxLength\":4000,\"x-id\":\"70f740c\",\"x-index\":2,\"title\":\"用户昵称\",\"description\":\"\",\"x-keyPath\":\"\",\"x-unique\":false,\"x-required\":false},\"avatar\":{\"format\":\"x-image\",\"type\":\"string\",\"x-image-size\":10485760,\"x-id\":\"97a6702\",\"x-index\":4,\"title\":\"用户头像\",\"description\":\"\",\"x-keyPath\":\"\",\"x-unique\":false,\"x-required\":false}},\"required\":[]},\"outParams\":{\"title\":\"value\",\"x-id\":\"4j4eqr2v\",\"type\":\"object\",\"x-keyPath\":\"\",\"properties\":{\"owner\":{\"title\":\"owner\",\"x-id\":\"y8joyalx\",\"type\":\"string\",\"x-keyPath\":\"owner\"},\"_departmentList\":{\"title\":\"_departmentList\",\"x-id\":\"7l88d6t2\",\"type\":\"array\",\"x-keyPath\":\"_departmentList\",\"items\":{\"title\":\"value\",\"x-id\":\"a520iv63\",\"type\":\"string\",\"x-keyPath\":\"$item\"}},\"avatar\":{\"title\":\"avatar\",\"x-id\":\"p80h40o2\",\"type\":\"string\",\"x-keyPath\":\"avatar\"},\"createdAt\":{\"title\":\"createdAt\",\"x-id\":\"kem3n6mm\",\"type\":\"number\",\"x-keyPath\":\"createdAt\"},\"createBy\":{\"title\":\"createBy\",\"x-id\":\"nv33lvxc\",\"type\":\"string\",\"x-keyPath\":\"createBy\"},\"updateBy\":{\"title\":\"updateBy\",\"x-id\":\"8sjvx2c6\",\"type\":\"string\",\"x-keyPath\":\"updateBy\"},\"user_id\":{\"title\":\"user_id\",\"x-id\":\"a4gk3rjd\",\"type\":\"string\",\"x-keyPath\":\"user_id\"},\"sports_coin\":{\"title\":\"sports_coin\",\"x-id\":\"couotl23\",\"type\":\"number\",\"x-keyPath\":\"sports_coin\"},\"name\":{\"title\":\"name\",\"x-id\":\"ao39i4jr\",\"type\":\"string\",\"x-keyPath\":\"name\"},\"_id\":{\"title\":\"_id\",\"x-id\":\"9gnd9tqg\",\"type\":\"string\",\"x-keyPath\":\"_id\"},\"updatedAt\":{\"title\":\"updatedAt\",\"x-id\":\"w6uj43e5\",\"type\":\"number\",\"x-keyPath\":\"updatedAt\"}}},\"calleeBody\":{\"callee\":\"/**\\n* 使用 npm 包 node-fetch 发送http请求, 详细使用文档可以参考\\n*  https://github.com/node-fetch/node-fetch\\n*/\\nmodule.exports = async function (params, context) {\\n  // 这里是方法入参\\n  console.log(params);\\n  /**\\n   * 可以在这里编写业务逻辑，例如：\\n   * 1. 使用 node-fetch 通过 HTTP 方式请求外部数据，并对获取的数据进行加工；\\n   * 2. 使用 context.database API 来直接操作云开发云数据库；\\n   * 3. 使用 context.callModel 来操作其他数据模型数据；\\n   * 4. 使用 context.callConnector 来使用API；\\n   * 5. 使用 context.app.callFunction 来调用同环境的云开发云函数；\\n   * 参考文档 https://docs.cloudbase.net/lowcode/datasource/add-methods#%E4%BA%91%E5%87%BD%E6%95%B0context\\n   * 数据源文档https://cloud.tencent.com/document/product/1301/83134\\n   * 查询用户信息\\n   */\\n  const user = await context.callModel({\\n      name: 'sys_user', // 数据模型标识，可以前往「数据源 - 数据模型」列表页查看\\n      methodName: 'wedaGetItem', // 数据模型方法标识，支持的方法可以前往「数据源 - 数据模型」的任一数据模型详情页查看当前模型支持的方法\\n      params: {\\n        where: {\\n          key: \\\"uuid\\\",\\n          rel: \\\"eq\\\",\\n          val: context.env.uid,\\n        }\\n      }, // 数据模型方法的入参\\n  })\\n  console.log(user)\\n\\n  // 查询用户记录\\n  const userRecord = await context.callModel({\\n      name: 'sport_user_we79xzb', // 数据模型标识，可以前往「数据源 - 数据模型」列表页查看\\n      methodName: 'wedaGetItem', // 数据模型方法标识，支持的方法可以前往「数据源 - 数据模型」的任一数据模型详情页查看当前模型支持的方法\\n      params: {\\n        where: {\\n          key: \\\"user_id\\\",\\n          rel: \\\"eq\\\",\\n          val: user._id,\\n        }\\n      }, // 数据模型方法的入参\\n  })\\n\\n  // 如果取到用户信息则更新，没有找到则创建\\n  if (userRecord._id) {\\n     // 更新用户\\n    await context.callModel({\\n      name: 'sport_user_we79xzb', // 数据模型标识，可以前往「数据源 - 数据模型」列表页查看\\n      methodName: 'wedaUpdate', // 数据模型方法标识，支持的方法可以前往「数据源 - 数据模型」的任一数据模型详情页查看当前模型支持的方法\\n      params: {\\n        _id: userRecord._id,\\n        name: params.name,\\n        avatar: params.avatar,\\n      }\\n    })\\n  } else {\\n    // 创建用户\\n    await context.callModel({\\n      name: 'sport_user_we79xzb', // 数据模型标识，可以前往「数据源 - 数据模型」列表页查看\\n      methodName: 'wedaCreate', // 数据模型方法标识，支持的方法可以前往「数据源 - 数据模型」的任一数据模型详情页查看当前模型支持的方法\\n      params: {\\n        user_id: user._id,\\n        sports_coin: 0,\\n        name: params.name,\\n        avatar: params.avatar,\\n      }\\n    })\\n  }\\n\\n  // 查询最新用户信息\\n  return context.callModel({\\n      name: 'sport_user_we79xzb', // 数据模型标识，可以前往「数据源 - 数据模型」列表页查看\\n      methodName: 'wedaGetItem', // 数据模型方法标识，支持的方法可以前往「数据源 - 数据模型」的任一数据模型详情页查看当前模型支持的方法\\n      params: {\\n        where: {\\n          key: \\\"user_id\\\",\\n          rel: \\\"eq\\\",\\n          val: user._id,\\n        }\\n      }, // 数据模型方法的入参\\n  })\\n};\",\"config\":{\"deps\":{}}},\"isCollapse\":true,\"isShow\":true,\"uuid\":\"e954dd30-4381-49b4-97c5-23f31d12d8a0\",\"isTitleInValid\":false,\"isNameInValid\":false}]","SubType":"custom-connector","Configuration":"{}","UpdateVersion":15,"Schema":"{}","Title":"趣运动打卡","Name":"sports_record_vy2gdfb","TemplateCode":"empty","Desc":"","IsNewDatasource":1,"Type":"cloud-integration","CmsProject":0,"Id":"data-367NfiFY7","Fun":"{\"previewVersion\": 15, \"prviewPublishAt\": 1690271615061}","Methods":"[{\"name\": \"record\", \"type\": \"cloud-function\", \"uuid\": \"a550e7e0-0a77-4289-af8d-b3cd02fcc16c\", \"title\": \"打卡\", \"intent\": \"create\", \"isShow\": true, \"inParams\": {\"items\": [{\"id\": \"6cd6e5a\", \"name\": \"steps\", \"title\": \"步数\", \"format\": \"x-image\", \"keyPath\": \"\", \"dataType\": \"string\", \"description\": \"\"}, {\"id\": \"8552c4d\", \"max\": 4000, \"name\": \"type\", \"title\": \"打卡类型\", \"format\": \"\", \"keyPath\": \"\", \"dataType\": \"string\", \"description\": \"\"}, {\"id\": \"8e4af74\", \"max\": 4000, \"name\": \"feeling\", \"title\": \"心情\", \"format\": \"\", \"keyPath\": \"\", \"dataType\": \"string\", \"description\": \"\"}, {\"id\": \"6bb4cb3\", \"name\": \"photos\", \"items\": {\"format\": \"x-image\", \"dataType\": \"string\"}, \"title\": \"照片\", \"keyPath\": \"\", \"dataType\": \"array\", \"description\": \"\"}], \"dataType\": \"object\"}, \"outParams\": {\"id\": \"61e0v9kc\", \"items\": [{\"id\": \"uwozr1ru\", \"name\": \"createdAt\", \"title\": \"createdAt\", \"keyPath\": \"createdAt\", \"dataType\": \"number\"}, {\"id\": \"lqb9sxbq\", \"name\": \"createBy\", \"title\": \"createBy\", \"keyPath\": \"createBy\", \"dataType\": \"string\"}, {\"id\": \"r2gqaxm4\", \"name\": \"updateBy\", \"title\": \"updateBy\", \"keyPath\": \"updateBy\", \"dataType\": \"string\"}, {\"id\": \"qncyg0x1\", \"name\": \"_id\", \"title\": \"_id\", \"keyPath\": \"_id\", \"dataType\": \"string\"}, {\"id\": \"bahu7di5\", \"name\": \"updatedAt\", \"title\": \"updatedAt\", \"keyPath\": \"updatedAt\", \"dataType\": \"number\"}, {\"id\": \"ansjjjkn\", \"max\": 4000, \"name\": \"owner\", \"title\": \"所有人\", \"format\": \"\", \"keyPath\": \"owner\", \"dataType\": \"string\", \"description\": \"\"}, {\"id\": \"0l1bmwpc\", \"max\": 4000, \"name\": \"exercise\", \"title\": \"运动\", \"format\": \"\", \"keyPath\": \"exercise\", \"dataType\": \"string\", \"description\": \"\"}, {\"id\": \"ni82t37h\", \"max\": 4000, \"name\": \"feeling\", \"title\": \"心情\", \"format\": \"\", \"keyPath\": \"feeling\", \"dataType\": \"string\", \"description\": \"\"}, {\"id\": \"fhv8p4sv\", \"name\": \"steps\", \"title\": \"步数\", \"format\": \"\", \"keyPath\": \"steps\", \"dataType\": \"number\", \"description\": \"\"}, {\"id\": \"hsh4tdtf\", \"name\": \"photos\", \"items\": {\"id\": \"wmcidbwd\", \"max\": 4000, \"title\": \"value\", \"format\": \"\", \"keyPath\": \"$item\", \"dataType\": \"string\"}, \"title\": \"照片\", \"keyPath\": \"photos\", \"dataType\": \"array\", \"description\": \"\"}], \"title\": \"value\", \"keyPath\": \"\", \"dataType\": \"object\"}, \"calleeBody\": {\"callee\": \"/**\\n* 使用 npm 包 node-fetch 发送http请求, 详细使用文档可以参考\\n*  https://github.com/node-fetch/node-fetch\\n*/\\n\\nmodule.exports = async function (params, context) {\\n  // 这里是方法入参\\n  console.log(params);\\n  /**\\n   * 可以在这里编写业务逻辑，例如：\\n   * 1. 使用 node-fetch 通过 HTTP 方式请求外部数据，并对获取的数据进行加工；\\n   * 2. 使用 context.database API 来直接操作云开发云数据库；\\n   * 3. 使用 context.callModel 来操作其他数据模型数据；\\n   * 4. 使用 context.callConnector 来使用API；\\n   * 5. 使用 context.app.callFunction 来调用同环境的云开发云函数；\\n   * 参考文档 https://docs.cloudbase.net/lowcode/datasource/add-methods#%E4%BA%91%E5%87%BD%E6%95%B0context\\n   *  数据源文档https://cloud.tencent.com/document/product/1301/83134\\n   * 查询用户信息\\n   */\\n  const user = await context.callModel({\\n      name: 'sys_user', // 数据模型标识，可以前往「数据源 - 数据模型」列表页查看\\n      methodName: 'wedaGetItem', // 数据模型方法标识，支持的方法可以前往「数据源 - 数据模型」的任一数据模型详情页查看当前模型支持的方法\\n      params: {\\n        where: {\\n          key: \\\"uuid\\\",\\n          rel: \\\"eq\\\",\\n          val: context.env.uid,\\n        }\\n      }, // 数据模型方法的入参\\n  })\\n  console.log(user)\\n\\n  // 查询用户积分记录\\n  const userRecord = await context.callModel({\\n      name: 'sport_user_we79xzb', // 数据模型标识，可以前往「数据源 - 数据模型」列表页查看\\n      methodName: 'wedaGetItem', // 数据模型方法标识，支持的方法可以前往「数据源 - 数据模型」的任一数据模型详情页查看当前模型支持的方法\\n      params: {\\n        where: {\\n          key: \\\"user_id\\\",\\n          rel: \\\"eq\\\",\\n          val: user._id,\\n        }\\n      }, // 数据模型方法的入参\\n  })\\n\\n  // 获取当前日期\\n  const today = new Date();\\n  // 获取年、月、日\\n  const year = today.getFullYear();\\n  const month = today.getMonth() + 1;\\n  const day = today.getDate();\\n  // 获取当天0点和明天0点的时间戳\\n  const todayStart = new Date(year, month - 1, day, 0, 0, 0).getTime();\\n  const tomorrowStart = new Date(year, month - 1, day + 1, 0, 0, 0).getTime();\\n\\n  // 查询是否已经打过卡\\n  const record = await context.callModel({\\n      name: 'sport_records_4ixanmc', // 数据模型标识，可以前往「数据源 - 数据模型」列表页查看\\n      methodName: 'wedaGetItem', // 数据模型方法标识，支持的方法可以前往「数据源 - 数据模型」的任一数据模型详情页查看当前模型支持的方法\\n      params: {\\n        where: [\\n          {\\n            key: \\\"user\\\",\\n            rel: \\\"eq\\\",\\n            val: user._id,\\n          },\\n          {\\n            key: \\\"createdAt\\\",\\n            rel: \\\"lt\\\",\\n            val: tomorrowStart,\\n          },\\n           {\\n            key: \\\"createdAt\\\",\\n            rel: \\\"gte\\\",\\n            val: todayStart,\\n          }\\n        ]\\n      }, // 数据模型方法的入参\\n  })\\n\\n  if (record._id) {\\n    throw new Error('今天已经打过卡了，请明天再来吧')\\n  }\\n  // 生成5到30之间的随机整数来作为积分增加数量\\n  const randomInt = Math.floor(Math.random() * 26) + 5;\\n\\n  // 增加积分\\n  await context.callModel({\\n    name: 'sport_user_we79xzb', // 数据模型标识，可以前往「数据源 - 数据模型」列表页查看\\n    methodName: 'wedaUpdate', // 数据模型方法标识，支持的方法可以前往「数据源 - 数据模型」的任一数据模型详情页查看当前模型支持的方法\\n    params: {\\n      _id: userRecord._id,\\n      sports_coin: (userRecord.sports_coin || 0) + randomInt \\n    }, // 数据模型方法的入参\\n  })\\n\\n  const {\\n    feeling,\\n    exercise,\\n    steps,\\n    photos,\\n    type,\\n  } = params\\n\\n  // 写入打卡记录\\n  return context.callModel({\\n    name: 'sport_records_4ixanmc', // 数据模型标识，可以前往「数据源 - 数据模型」列表页查看\\n    methodName: 'wedaCreate', // 数据模型方法标识，支持的方法可以前往「数据源 - 数据模型」的任一数据模型详情页查看当前模型支持的方法\\n    params: {\\n      feeling,\\n      exercise,\\n      steps,\\n      photos,\\n      type,\\n      user: user._id,\\n      userRecord: userRecord._id,\\n      coin: randomInt\\n    }\\n  })\\n};\", \"config\": {\"deps\": {}}}, \"isCollapse\": true, \"isNameInValid\": false, \"isTitleInValid\": false}, {\"name\": \"getUserInfo\", \"type\": \"cloud-function\", \"uuid\": \"fb48e42c-022c-472d-960e-2c1801777c0c\", \"title\": \"查询用户信息\", \"intent\": \"create\", \"isShow\": true, \"inParams\": {\"items\": [], \"dataType\": \"object\"}, \"outParams\": {\"id\": \"fdgnd407\", \"items\": [{\"id\": \"m9ggd712\", \"name\": \"_id\", \"title\": \"_id\", \"keyPath\": \"_id\", \"dataType\": \"string\"}, {\"id\": \"g8n7vzji\", \"max\": 4000, \"name\": \"user_id\", \"title\": \"用户id\", \"format\": \"\", \"keyPath\": \"user_id\", \"dataType\": \"string\", \"description\": \"\"}, {\"id\": \"vb22lh7d\", \"name\": \"sports_coin\", \"title\": \"能量币\", \"format\": \"\", \"keyPath\": \"sports_coin\", \"dataType\": \"number\", \"description\": \"\"}], \"title\": \"value\", \"keyPath\": \"\", \"dataType\": \"object\"}, \"calleeBody\": {\"callee\": \"/**\\n* 使用 npm 包 node-fetch 发送http请求, 详细使用文档可以参考\\n*  https://github.com/node-fetch/node-fetch\\n*/\\nmodule.exports = async function (params, context) {\\n  // 这里是方法入参\\n  console.log(params);\\n  /**\\n   * 可以在这里编写业务逻辑，例如：\\n   * 1. 使用 node-fetch 通过 HTTP 方式请求外部数据，并对获取的数据进行加工；\\n   * 2. 使用 context.database API 来直接操作云开发云数据库；\\n   * 3. 使用 context.callModel 来操作其他数据模型数据；\\n   * 4. 使用 context.callConnector 来使用API；\\n   * 5. 使用 context.app.callFunction 来调用同环境的云开发云函数；\\n   * 参考文档 https://docs.cloudbase.net/lowcode/datasource/add-methods#%E4%BA%91%E5%87%BD%E6%95%B0context\\n   * 数据源文档https://cloud.tencent.com/document/product/1301/83134\\n   * 查询用户信息\\n   */\\n  const user = await context.callModel({\\n      name: 'sys_user', // 数据模型标识，可以前往「数据源 - 数据模型」列表页查看\\n      methodName: 'wedaGetItem', // 数据模型方法标识，支持的方法可以前往「数据源 - 数据模型」的任一数据模型详情页查看当前模型支持的方法\\n      params: {\\n        where: {\\n          key: \\\"uuid\\\",\\n          rel: \\\"eq\\\",\\n          val: context.env.uid,\\n        }\\n      }, // 数据模型方法的入参\\n  })\\n  console.log(user)\\n\\n  // 查询用户积分记录\\n  return context.callModel({\\n      name: 'sport_user_we79xzb', // 数据模型标识，可以前往「数据源 - 数据模型」列表页查看\\n      methodName: 'wedaGetItem', // 数据模型方法标识，支持的方法可以前往「数据源 - 数据模型」的任一数据模型详情页查看当前模型支持的方法\\n      params: {\\n        where: {\\n          key: \\\"user_id\\\",\\n          rel: \\\"eq\\\",\\n          val: user._id,\\n        }\\n      }, // 数据模型方法的入参\\n  })\\n};\", \"config\": {\"deps\": {}}}, \"isCollapse\": true, \"isNameInValid\": false, \"isTitleInValid\": false}, {\"name\": \"buy\", \"type\": \"cloud-function\", \"uuid\": \"82770dd9-2899-4a57-a243-7a16a75561eb\", \"title\": \"积分兑换\", \"intent\": \"create\", \"isShow\": true, \"inParams\": {\"items\": [{\"id\": \"a334d44\", \"max\": 4000, \"name\": \"product_id\", \"title\": \"产品id\", \"format\": \"\", \"keyPath\": \"\", \"dataType\": \"string\", \"required\": true, \"description\": \"\"}, {\"id\": \"941397e\", \"name\": \"amount\", \"title\": \"数量\", \"format\": \"\", \"keyPath\": \"\", \"dataType\": \"number\", \"description\": \"\"}], \"dataType\": \"object\"}, \"outParams\": {\"items\": [{\"id\": \"a482a08\", \"max\": 4000, \"name\": \"_id\", \"title\": \"兑换记录id\", \"format\": \"\", \"keyPath\": \"\", \"dataType\": \"string\", \"description\": \"\"}], \"dataType\": \"object\"}, \"calleeBody\": {\"callee\": \"/**\\n* 使用 npm 包 node-fetch 发送http请求, 详细使用文档可以参考\\n*  https://github.com/node-fetch/node-fetch\\n*/\\n\\nmodule.exports = async function (params, context) {\\n  // 这里是方法入参\\n  console.log(params);\\n\\n  if(!params.amount || !params.product_id) {\\n    throw new Error('请选择正确的商品和数量')\\n  }\\n  /**\\n   * 可以在这里编写业务逻辑，例如：\\n   * 1. 使用 node-fetch 通过 HTTP 方式请求外部数据，并对获取的数据进行加工；\\n   * 2. 使用 context.database API 来直接操作云开发云数据库；\\n   * 3. 使用 context.callModel 来操作其他数据模型数据；\\n   * 4. 使用 context.callConnector 来使用API；\\n   * 5. 使用 context.app.callFunction 来调用同环境的云开发云函数；\\n   * 参考文档 https://docs.cloudbase.net/lowcode/datasource/add-methods#%E4%BA%91%E5%87%BD%E6%95%B0context\\n   *  数据源文档https://cloud.tencent.com/document/product/1301/83134\\n   * 查询用户信息\\n   */\\n  const user = await context.callModel({\\n      name: 'sys_user', // 数据模型标识，可以前往「数据源 - 数据模型」列表页查看\\n      methodName: 'wedaGetItem', // 数据模型方法标识，支持的方法可以前往「数据源 - 数据模型」的任一数据模型详情页查看当前模型支持的方法\\n      params: {\\n        where: {\\n          key: \\\"uuid\\\",\\n          rel: \\\"eq\\\",\\n          val: context.env.uid,\\n        }\\n      }, // 数据模型方法的入参\\n  })\\n  console.log(user)\\n\\n  // 查询用户积分记录\\n  const userRecord = await context.callModel({\\n      name: 'sport_user_we79xzb', // 数据模型标识，可以前往「数据源 - 数据模型」列表页查看\\n      methodName: 'wedaGetItem', // 数据模型方法标识，支持的方法可以前往「数据源 - 数据模型」的任一数据模型详情页查看当前模型支持的方法\\n      params: {\\n        where: {\\n          key: \\\"user_id\\\",\\n          rel: \\\"eq\\\",\\n          val: user._id,\\n        }\\n      }, // 数据模型方法的入参\\n  })\\n\\n  // 查询商品价格\\n  const product = await context.callModel({\\n      name: 'sport_product_1ub5og3', // 数据模型标识，可以前往「数据源 - 数据模型」列表页查看\\n      methodName: 'wedaGetItem', // 数据模型方法标识，支持的方法可以前往「数据源 - 数据模型」的任一数据模型详情页查看当前模型支持的方法\\n      params: {\\n        _id: params.product_id\\n      }, // 数据模型方法的入参\\n  })\\n\\n  if (!product._id || product.stock < params.amount) {\\n    throw new Error('商品不存在或者没有库存，请更换其他商品')\\n  }\\n  \\n  const total = params.amount * product.price;\\n\\n  if (total >  userRecord.sports_coin) {\\n    throw new Error('用户能量币不足以兑换所需数量的商品')\\n  }\\n\\n  // 消耗积分\\n  await context.callModel({\\n    name: 'sport_user_we79xzb', // 数据模型标识，可以前往「数据源 - 数据模型」列表页查看\\n    methodName: 'wedaUpdate', // 数据模型方法标识，支持的方法可以前往「数据源 - 数据模型」的任一数据模型详情页查看当前模型支持的方法\\n    params: {\\n      _id: userRecord._id,\\n      sports_coin: userRecord.sports_coin - total \\n    }, // 数据模型方法的入参\\n  })\\n\\n  // 减库存\\n  await context.callModel({\\n    name: 'sport_product_1ub5og3', // 数据模型标识，可以前往「数据源 - 数据模型」列表页查看\\n    methodName: 'wedaUpdate', // 数据模型方法标识，支持的方法可以前往「数据源 - 数据模型」的任一数据模型详情页查看当前模型支持的方法\\n    params: {\\n      _id: product._id,\\n      stock: product.stock - params.amount \\n    }, // 数据模型方法的入参\\n  })\\n\\n  // 写入兑换记录\\n  return context.callModel({\\n    name: 'sport_buy_records_p7vysfe', // 数据模型标识，可以前往「数据源 - 数据模型」列表页查看\\n    methodName: 'wedaCreate', // 数据模型方法标识，支持的方法可以前往「数据源 - 数据模型」的任一数据模型详情页查看当前模型支持的方法\\n    params: {\\n      total,\\n      product_id: params.product_id,\\n      amount: params.amount,\\n      user_id: user._id\\n    }\\n  })\\n};\", \"config\": {\"deps\": {}}}, \"isCollapse\": true, \"isNameInValid\": false, \"isTitleInValid\": false}, {\"name\": \"updateUserInfo\", \"type\": \"cloud-function\", \"uuid\": \"e954dd30-4381-49b4-97c5-23f31d12d8a0\", \"title\": \"更新用户信息\", \"intent\": \"create\", \"isShow\": true, \"inParams\": {\"items\": [{\"id\": \"70f740c\", \"max\": 4000, \"name\": \"name\", \"title\": \"用户昵称\", \"format\": \"\", \"keyPath\": \"\", \"dataType\": \"string\", \"description\": \"\"}, {\"id\": \"97a6702\", \"name\": \"avatar\", \"title\": \"用户头像\", \"format\": \"x-image\", \"keyPath\": \"\", \"dataType\": \"string\", \"description\": \"\"}], \"dataType\": \"object\"}, \"outParams\": {\"id\": \"4j4eqr2v\", \"items\": [{\"id\": \"y8joyalx\", \"name\": \"owner\", \"title\": \"owner\", \"keyPath\": \"owner\", \"dataType\": \"string\"}, {\"id\": \"kem3n6mm\", \"name\": \"createdAt\", \"title\": \"createdAt\", \"keyPath\": \"createdAt\", \"dataType\": \"number\"}, {\"id\": \"nv33lvxc\", \"name\": \"createBy\", \"title\": \"createBy\", \"keyPath\": \"createBy\", \"dataType\": \"string\"}, {\"id\": \"8sjvx2c6\", \"name\": \"updateBy\", \"title\": \"updateBy\", \"keyPath\": \"updateBy\", \"dataType\": \"string\"}, {\"id\": \"a4gk3rjd\", \"name\": \"user_id\", \"title\": \"user_id\", \"keyPath\": \"user_id\", \"dataType\": \"string\"}, {\"id\": \"7l88d6t2\", \"name\": \"_departmentList\", \"items\": {\"id\": \"a520iv63\", \"title\": \"value\", \"keyPath\": \"$item\", \"dataType\": \"string\"}, \"title\": \"_departmentList\", \"keyPath\": \"_departmentList\", \"dataType\": \"array\"}, {\"id\": \"couotl23\", \"name\": \"sports_coin\", \"title\": \"sports_coin\", \"keyPath\": \"sports_coin\", \"dataType\": \"number\"}, {\"id\": \"ao39i4jr\", \"name\": \"name\", \"title\": \"name\", \"keyPath\": \"name\", \"dataType\": \"string\"}, {\"id\": \"p80h40o2\", \"name\": \"avatar\", \"title\": \"avatar\", \"keyPath\": \"avatar\", \"dataType\": \"string\"}, {\"id\": \"9gnd9tqg\", \"name\": \"_id\", \"title\": \"_id\", \"keyPath\": \"_id\", \"dataType\": \"string\"}, {\"id\": \"w6uj43e5\", \"name\": \"updatedAt\", \"title\": \"updatedAt\", \"keyPath\": \"updatedAt\", \"dataType\": \"number\"}], \"title\": \"value\", \"keyPath\": \"\", \"dataType\": \"object\"}, \"calleeBody\": {\"callee\": \"/**\\n* 使用 npm 包 node-fetch 发送http请求, 详细使用文档可以参考\\n*  https://github.com/node-fetch/node-fetch\\n*/\\nmodule.exports = async function (params, context) {\\n  // 这里是方法入参\\n  console.log(params);\\n  /**\\n   * 可以在这里编写业务逻辑，例如：\\n   * 1. 使用 node-fetch 通过 HTTP 方式请求外部数据，并对获取的数据进行加工；\\n   * 2. 使用 context.database API 来直接操作云开发云数据库；\\n   * 3. 使用 context.callModel 来操作其他数据模型数据；\\n   * 4. 使用 context.callConnector 来使用API；\\n   * 5. 使用 context.app.callFunction 来调用同环境的云开发云函数；\\n   * 参考文档 https://docs.cloudbase.net/lowcode/datasource/add-methods#%E4%BA%91%E5%87%BD%E6%95%B0context\\n   * 数据源文档https://cloud.tencent.com/document/product/1301/83134\\n   * 查询用户信息\\n   */\\n  const user = await context.callModel({\\n      name: 'sys_user', // 数据模型标识，可以前往「数据源 - 数据模型」列表页查看\\n      methodName: 'wedaGetItem', // 数据模型方法标识，支持的方法可以前往「数据源 - 数据模型」的任一数据模型详情页查看当前模型支持的方法\\n      params: {\\n        where: {\\n          key: \\\"uuid\\\",\\n          rel: \\\"eq\\\",\\n          val: context.env.uid,\\n        }\\n      }, // 数据模型方法的入参\\n  })\\n  console.log(user)\\n\\n  // 查询用户记录\\n  const userRecord = await context.callModel({\\n      name: 'sport_user_we79xzb', // 数据模型标识，可以前往「数据源 - 数据模型」列表页查看\\n      methodName: 'wedaGetItem', // 数据模型方法标识，支持的方法可以前往「数据源 - 数据模型」的任一数据模型详情页查看当前模型支持的方法\\n      params: {\\n        where: {\\n          key: \\\"user_id\\\",\\n          rel: \\\"eq\\\",\\n          val: user._id,\\n        }\\n      }, // 数据模型方法的入参\\n  })\\n\\n  // 如果取到用户信息则更新，没有找到则创建\\n  if (userRecord._id) {\\n     // 更新用户\\n    await context.callModel({\\n      name: 'sport_user_we79xzb', // 数据模型标识，可以前往「数据源 - 数据模型」列表页查看\\n      methodName: 'wedaUpdate', // 数据模型方法标识，支持的方法可以前往「数据源 - 数据模型」的任一数据模型详情页查看当前模型支持的方法\\n      params: {\\n        _id: userRecord._id,\\n        name: params.name,\\n        avatar: params.avatar,\\n      }\\n    })\\n  } else {\\n    // 创建用户\\n    await context.callModel({\\n      name: 'sport_user_we79xzb', // 数据模型标识，可以前往「数据源 - 数据模型」列表页查看\\n      methodName: 'wedaCreate', // 数据模型方法标识，支持的方法可以前往「数据源 - 数据模型」的任一数据模型详情页查看当前模型支持的方法\\n      params: {\\n        user_id: user._id,\\n        sports_coin: 0,\\n        name: params.name,\\n        avatar: params.avatar,\\n      }\\n    })\\n  }\\n\\n  // 查询最新用户信息\\n  return context.callModel({\\n      name: 'sport_user_we79xzb', // 数据模型标识，可以前往「数据源 - 数据模型」列表页查看\\n      methodName: 'wedaGetItem', // 数据模型方法标识，支持的方法可以前往「数据源 - 数据模型」的任一数据模型详情页查看当前模型支持的方法\\n      params: {\\n        where: {\\n          key: \\\"user_id\\\",\\n          rel: \\\"eq\\\",\\n          val: user._id,\\n        }\\n      }, // 数据模型方法的入参\\n  })\\n};\", \"config\": {\"deps\": {}}}, \"isCollapse\": true, \"isNameInValid\": false, \"isTitleInValid\": false}]"}]