{"GeneralOptionsList":[],"DataSourceViewList":[{"schema":"{\"x-primary-column\":\"name\",\"x-kind\":\"tcb\",\"x-defaultMethods\":[\"wedaCreate\",\"wedaUpdate\",\"wedaDelete\",\"wedaGetItem\",\"wedaGetRecords\",\"wedaGetList\",\"wedaBatchCreate\",\"wedaBatchUpdate\",\"wedaBatchDelete\"],\"type\":\"object\",\"x-relatedType\":\"exist\",\"x-viewId\":\"view-4hfbii2e68\",\"required\":[],\"properties\":{\"owner\":{\"x-system\":true,\"x-sortable\":false,\"x-id\":\"1227412\",\"format\":\"father-son\",\"pattern\":\"\",\"x-layoutShow\":true,\"x-index\":4,\"title\":\"所有人\",\"type\":\"string\",\"x-unique\":false,\"x-parent\":{\"fatherAction\":\"judge\",\"parentViewId\":\"view-4hk1siwgn4\",\"type\":\"father-son\",\"parentDataSourceName\":\"sys_user\"},\"default\":\"\",\"x-defaultSort\":\"asc\",\"name\":\"owner\"},\"createdAt\":{\"default\":0,\"x-defaultSort\":\"asc\",\"x-system\":true,\"x-sortable\":false,\"x-id\":\"f49240c\",\"format\":\"datetime\",\"x-layoutShow\":true,\"x-index\":2,\"type\":\"number\",\"title\":\"创建时间\",\"x-unique\":false},\"createBy\":{\"x-system\":true,\"x-sortable\":false,\"x-id\":\"e1d74a3\",\"format\":\"father-son\",\"pattern\":\"\",\"x-layoutShow\":true,\"x-index\":5,\"type\":\"string\",\"title\":\"创建人\",\"x-unique\":false,\"x-parent\":{\"fatherAction\":\"judge\",\"parentViewId\":\"view-4hk1siwgn4\",\"type\":\"father-son\",\"parentDataSourceName\":\"sys_user\"},\"default\":\"\",\"x-defaultSort\":\"asc\",\"name\":\"createBy\"},\"updateBy\":{\"x-system\":true,\"x-sortable\":false,\"x-id\":\"93a079a\",\"format\":\"father-son\",\"pattern\":\"\",\"x-layoutShow\":true,\"x-index\":6,\"type\":\"string\",\"title\":\"修改人\",\"x-unique\":false,\"x-parent\":{\"fatherAction\":\"judge\",\"parentViewId\":\"view-4hk1siwgn4\",\"type\":\"father-son\",\"parentDataSourceName\":\"sys_user\"},\"default\":\"\",\"x-defaultSort\":\"asc\",\"name\":\"updateBy\"},\"user_id\":{\"x-keyPath\":\"\",\"x-sortable\":false,\"x-id\":\"7d6c805\",\"format\":\"father-son\",\"description\":\"\",\"x-layoutShow\":false,\"type\":\"string\",\"x-index\":17,\"title\":\"用户id\",\"x-unique\":true,\"x-parent\":{\"fatherAction\":\"prompt-not-delete\",\"parentViewId\":\"view-4hk1siwgn4\",\"type\":\"father-son\",\"parentDataSourceName\":\"sys_user\"},\"x-required\":false,\"x-defaultSort\":\"asc\"},\"_departmentList\":{\"x-system\":true,\"x-sortable\":false,\"x-id\":\"c7dd8e7\",\"format\":\"\",\"x-layoutShow\":true,\"title\":\"所属部门\",\"type\":\"array\",\"x-index\":7,\"x-unique\":false,\"default\":\"\",\"x-defaultSort\":\"asc\",\"name\":\"_departmentList\",\"items\":{\"type\":\"string\"}},\"name\":{\"x-keyPath\":\"\",\"x-sortable\":false,\"x-id\":\"abcf336\",\"format\":\"\",\"description\":\"\",\"isEnum\":false,\"x-layoutShow\":false,\"type\":\"string\",\"x-index\":9,\"title\":\"用户昵称\",\"x-unique\":false,\"x-required\":false,\"x-defaultSort\":\"asc\",\"name\":\"name\",\"maxLength\":4000},\"sports_coin\":{\"x-keyPath\":\"\",\"x-sortable\":false,\"x-id\":\"72f3309\",\"format\":\"\",\"numberCount\":0,\"description\":\"\",\"isEnum\":false,\"x-layoutShow\":false,\"type\":\"number\",\"x-index\":15,\"title\":\"运动能量币\",\"x-unique\":false,\"x-required\":false,\"x-defaultSort\":\"asc\",\"name\":\"sports_coin\"},\"avatar\":{\"x-keyPath\":\"\",\"x-sortable\":false,\"x-id\":\"7ce7e04\",\"format\":\"x-image\",\"description\":\"\",\"x-layoutShow\":false,\"type\":\"string\",\"x-index\":19,\"title\":\"头像\",\"x-unique\":false,\"x-image-size\":10485760,\"x-required\":false,\"x-defaultSort\":\"asc\"},\"_id\":{\"default\":\"\",\"x-defaultSort\":\"asc\",\"x-system\":true,\"x-sortable\":false,\"x-id\":\"18723af\",\"format\":\"\",\"pattern\":\"\",\"x-layoutShow\":true,\"x-index\":1,\"type\":\"string\",\"title\":\"数据标识\",\"x-unique\":true},\"updatedAt\":{\"default\":0,\"x-defaultSort\":\"asc\",\"x-system\":true,\"x-sortable\":false,\"x-id\":\"cd109e2\",\"format\":\"datetime\",\"x-layoutShow\":true,\"x-index\":3,\"title\":\"更新时间\",\"type\":\"number\",\"x-unique\":false}}}","subAccountUin":"100010952056","updateAt":1688989451000,"title":"趣运动_用户表","viewCode":"view_sport_user_we79xzb","createAt":1688989451000,"tableName":"lcap-data-35ZqqchUk-sport_user_we79xzb","relationViewId":"[\"view-4hfhx3qhts\",\"view-4hfbiingow\",\"view-4hfbiio5z4\",\"view-4hfbiipqv4\"]","viewName":"趣运动_用户表","datasourceId":"data-35ZqqchUk","id":21764856,"state":5,"uin":"100010952056","versionType":1,"publishVersion":1.0,"isDelete":0,"viewDescription":"系统视图","envId":"lowcode-4g78t5sbfa9e4317","version":1.0,"tableNamePreview":"lcap-data-35ZqqchUk-sport_user_we79xzb-preview","viewId":"view-4hfbiiqg5c","name":"sport_user_we79xzb","viewType":"STANDARD","viewSubType":"BASIC","desc":""},{"schema":"{\"x-parentRelationKey\":\"@owner\",\"x-primary-column\":\"name\",\"x-kind\":\"tcb\",\"name\":\"sys_user\",\"x-defaultMethods\":[\"wedaCreate\",\"wedaUpdate\",\"wedaDelete\",\"wedaGetItem\",\"wedaGetRecords\",\"wedaGetList\",\"wedaBatchCreate\",\"wedaBatchUpdate\",\"wedaBatchDelete\"],\"type\":\"object\",\"title\":\"预制用户\",\"x-relatedType\":\"exist\",\"x-viewId\":\"view-3z8rexmwcg\",\"properties\":{\"sports_name\":{\"x-keyPath\":\"\",\"x-sortable\":false,\"x-id\":\"74c62d6\",\"format\":\"\",\"description\":\"\",\"x-layoutShow\":false,\"type\":\"string\",\"x-index\":52,\"title\":\"趣运动昵称\",\"x-unique\":false,\"x-required\":false,\"x-defaultSort\":\"asc\",\"maxLength\":4000},\"open_id\":{\"x-required\":false,\"x-keyPath\":\"\",\"x-defaultSort\":\"asc\",\"x-system\":true,\"x-sortable\":false,\"x-id\":\"a7c30ac\",\"format\":\"\",\"x-layoutShow\":false,\"x-index\":22,\"title\":\"微信id\",\"type\":\"string\",\"x-unique\":false},\"source\":{\"x-required\":true,\"x-keyPath\":\"\",\"x-defaultSort\":\"asc\",\"x-system\":true,\"x-sortable\":false,\"x-id\":\"d4eb866\",\"format\":\"\",\"x-layoutShow\":false,\"x-index\":38,\"title\":\"用户来源\",\"type\":\"number\",\"x-unique\":false},\"type\":{\"x-required\":true,\"x-keyPath\":\"\",\"x-defaultSort\":\"asc\",\"x-system\":true,\"x-sortable\":false,\"x-id\":\"7c5c6fb\",\"format\":\"\",\"x-layoutShow\":false,\"x-index\":12,\"title\":\"用户类型\",\"type\":\"number\",\"x-unique\":false},\"uuid\":{\"x-required\":false,\"x-keyPath\":\"\",\"x-defaultSort\":\"asc\",\"x-system\":true,\"x-sortable\":false,\"x-id\":\"9753d6f\",\"format\":\"\",\"x-layoutShow\":false,\"x-index\":20,\"title\":\"uuid\",\"type\":\"string\",\"x-unique\":false},\"main_dep\":{\"x-system\":true,\"x-sortable\":false,\"x-id\":\"5c82caf\",\"format\":\"father-son\",\"pattern\":\"\",\"x-layoutShow\":false,\"x-index\":32,\"title\":\"主岗部门\",\"type\":\"string\",\"x-unique\":false,\"x-parent\":{\"fatherAction\":\"judge\",\"parentViewId\":\"view-3jj0vs86tc\",\"type\":\"father-son\",\"parentDataSourceName\":\"sys_department\"},\"default\":\"\",\"x-defaultSort\":\"asc\",\"name\":\"main_dep\"},\"_sort\":{\"x-system\":true,\"x-sortable\":false,\"x-id\":\"491eade\",\"format\":\"\",\"pattern\":\"\",\"x-layoutShow\":false,\"x-index\":33,\"title\":\"权重\",\"type\":\"number\",\"x-unique\":false,\"default\":0,\"x-defaultSort\":\"asc\",\"name\":\"_sort\"},\"createdAt\":{\"default\":0,\"x-defaultSort\":\"asc\",\"x-system\":true,\"x-sortable\":false,\"x-id\":\"ae58cfc\",\"format\":\"datetime\",\"x-layoutShow\":false,\"x-index\":2,\"type\":\"number\",\"title\":\"创建时间\",\"x-unique\":false},\"updateBy\":{\"x-system\":true,\"x-sortable\":false,\"x-id\":\"93a079a\",\"format\":\"\",\"pattern\":\"\",\"x-layoutShow\":false,\"x-index\":6,\"type\":\"string\",\"title\":\"修改人\",\"x-unique\":false,\"default\":\"\",\"x-defaultSort\":\"asc\",\"name\":\"updateBy\"},\"project_id\":{\"x-required\":false,\"x-keyPath\":\"\",\"x-defaultSort\":\"asc\",\"x-system\":true,\"x-sortable\":false,\"x-id\":\"78d9d5e\",\"format\":\"\",\"x-layoutShow\":false,\"x-index\":30,\"title\":\"项目id\",\"type\":\"number\",\"x-unique\":false},\"sports_cellphone\":{\"x-required\":false,\"x-keyPath\":\"\",\"x-defaultSort\":\"asc\",\"x-sortable\":false,\"x-id\":\"8d37eb8\",\"format\":\"phone\",\"description\":\"\",\"x-layoutShow\":false,\"type\":\"string\",\"x-index\":50,\"title\":\"趣运动手机号\",\"x-unique\":false},\"sports_coin\":{\"x-keyPath\":\"\",\"x-sortable\":false,\"x-id\":\"b499f5c\",\"format\":\"\",\"numberCount\":0,\"description\":\"\",\"isEnum\":false,\"x-layoutShow\":false,\"type\":\"number\",\"x-index\":48,\"title\":\"趣运动能量币\",\"x-unique\":false,\"x-required\":false,\"x-defaultSort\":\"asc\",\"name\":\"sports_coin\"},\"uin\":{\"x-required\":true,\"x-keyPath\":\"\",\"x-defaultSort\":\"asc\",\"x-system\":true,\"x-sortable\":false,\"x-id\":\"60dd113\",\"format\":\"\",\"x-layoutShow\":false,\"x-index\":16,\"title\":\"集团用户id\",\"type\":\"string\",\"x-unique\":false},\"email\":{\"x-required\":false,\"x-keyPath\":\"\",\"x-defaultSort\":\"asc\",\"x-system\":true,\"x-sortable\":false,\"x-id\":\"7e5fec6\",\"format\":\"\",\"x-layoutShow\":false,\"x-index\":42,\"title\":\"邮箱\",\"type\":\"string\",\"x-unique\":false},\"updatedAt\":{\"default\":0,\"x-defaultSort\":\"asc\",\"x-system\":true,\"x-sortable\":false,\"x-id\":\"a615355\",\"format\":\"datetime\",\"x-layoutShow\":false,\"x-index\":3,\"title\":\"更新时间\",\"type\":\"number\",\"x-unique\":false},\"owner\":{\"x-system\":true,\"x-sortable\":false,\"x-id\":\"f5eb187\",\"format\":\"\",\"pattern\":\"\",\"x-layoutShow\":false,\"x-index\":4,\"title\":\"所有人\",\"type\":\"string\",\"x-unique\":false,\"default\":\"\",\"x-defaultSort\":\"asc\",\"name\":\"owner\"},\"parent_user_id\":{\"x-keyPath\":\"\",\"x-system\":true,\"x-sortable\":false,\"x-id\":\"739561d\",\"format\":\"\",\"description\":\"\",\"x-layoutShow\":false,\"type\":\"string\",\"x-index\":18,\"title\":\"直属上级id\",\"x-unique\":false,\"x-required\":false,\"x-defaultSort\":\"asc\"},\"sports_avatar\":{\"x-keyPath\":\"\",\"x-sortable\":false,\"x-id\":\"70205d1\",\"format\":\"x-image\",\"description\":\"\",\"x-layoutShow\":false,\"type\":\"string\",\"x-index\":54,\"title\":\"趣运动头像\",\"x-unique\":false,\"x-image-size\":10485760,\"x-required\":false,\"x-defaultSort\":\"asc\"},\"user_desc\":{\"x-required\":false,\"x-keyPath\":\"\",\"x-defaultSort\":\"asc\",\"x-system\":true,\"x-sortable\":false,\"x-id\":\"9a55084\",\"format\":\"\",\"x-layoutShow\":false,\"x-index\":24,\"title\":\"用户描述\",\"type\":\"string\",\"x-unique\":false},\"wechat_user_id\":{\"x-required\":false,\"x-keyPath\":\"\",\"x-defaultSort\":\"asc\",\"x-system\":true,\"x-sortable\":false,\"x-id\":\"b38707c\",\"format\":\"\",\"x-layoutShow\":false,\"x-index\":40,\"title\":\"企业微信用户id\",\"type\":\"string\",\"x-unique\":false},\"createBy\":{\"x-system\":true,\"x-sortable\":false,\"x-id\":\"67c05c6\",\"format\":\"\",\"pattern\":\"\",\"x-layoutShow\":false,\"x-index\":5,\"type\":\"string\",\"title\":\"创建人\",\"x-unique\":false,\"default\":\"\",\"x-defaultSort\":\"asc\",\"name\":\"createBy\"},\"env_id\":{\"x-required\":false,\"x-keyPath\":\"\",\"x-defaultSort\":\"asc\",\"x-system\":true,\"x-sortable\":false,\"x-id\":\"64b4305\",\"format\":\"\",\"x-layoutShow\":false,\"x-index\":28,\"title\":\"env_id\",\"type\":\"string\",\"x-unique\":false},\"phone\":{\"x-required\":false,\"x-keyPath\":\"\",\"x-defaultSort\":\"asc\",\"x-system\":true,\"x-sortable\":false,\"x-id\":\"860acca\",\"format\":\"\",\"x-layoutShow\":false,\"x-index\":44,\"title\":\"手机号\",\"type\":\"string\",\"x-unique\":false},\"nick_name\":{\"x-required\":false,\"x-keyPath\":\"\",\"x-defaultSort\":\"asc\",\"x-system\":true,\"x-sortable\":false,\"x-id\":\"75d6703\",\"format\":\"\",\"x-layoutShow\":false,\"x-index\":26,\"title\":\"用户昵称\",\"type\":\"string\",\"x-unique\":false},\"name\":{\"x-required\":false,\"x-keyPath\":\"\",\"x-defaultSort\":\"asc\",\"x-system\":true,\"x-sortable\":false,\"x-id\":\"807f2ae\",\"format\":\"\",\"x-layoutShow\":false,\"x-index\":10,\"title\":\"用户名称\",\"type\":\"string\",\"x-unique\":false},\"internal_user_type\":{\"x-required\":false,\"x-keyPath\":\"\",\"x-defaultSort\":\"asc\",\"x-system\":true,\"x-sortable\":false,\"x-id\":\"a9e2769\",\"format\":\"\",\"x-layoutShow\":false,\"x-index\":14,\"title\":\"内部用户类型\",\"type\":\"number\",\"x-unique\":false},\"_id\":{\"default\":\"\",\"x-defaultSort\":\"asc\",\"x-system\":true,\"x-sortable\":false,\"x-id\":\"95411d4\",\"format\":\"\",\"pattern\":\"\",\"x-layoutShow\":false,\"x-index\":1,\"type\":\"string\",\"title\":\"数据标识\",\"x-unique\":true},\"corp_id\":{\"x-required\":false,\"x-keyPath\":\"\",\"x-defaultSort\":\"asc\",\"x-system\":true,\"x-sortable\":false,\"x-id\":\"6d924b1\",\"format\":\"\",\"x-layoutShow\":false,\"x-index\":36,\"title\":\"企业id\",\"type\":\"string\",\"x-unique\":false},\"sub_uin\":{\"x-required\":true,\"x-keyPath\":\"\",\"x-defaultSort\":\"asc\",\"x-system\":true,\"x-sortable\":false,\"x-id\":\"6938a05\",\"format\":\"\",\"x-layoutShow\":false,\"x-index\":18,\"title\":\"子用户id\",\"type\":\"string\",\"x-unique\":false},\"cskzzd\":{\"x-keyPath\":\"\",\"x-sortable\":false,\"x-id\":\"b00a95b\",\"format\":\"\",\"description\":\"111\",\"x-layoutShow\":false,\"type\":\"string\",\"x-index\":46,\"title\":\"测试扩展字段\",\"x-unique\":false,\"x-required\":false,\"x-defaultSort\":\"asc\",\"maxLength\":4000}},\"required\":[\"source\",\"type\",\"uin\",\"sub_uin\"]}","subAccountUin":"100010952056","updateAt":1688989451000,"title":"用户","createAt":1688989451000,"tableName":"lcap-data-2ryjBDt3j-sys_user","datasourceId":"data-2ryjBDt3j","id":21764853,"state":5,"uin":"100010952056","versionType":1,"isDelete":0,"envId":"lowcode-4g78t5sbfa9e4317","version":1.0,"tableNamePreview":"lcap-data-2ryjBDt3j-sys_user-preview","viewId":"view-4hfbiingow","name":"sys_user","viewType":"RELATION_VIEW","desc":"内置数据源"},{"schema":"{\"x-parentRelationKey\":\"@createBy\",\"x-primary-column\":\"name\",\"x-kind\":\"tcb\",\"name\":\"sys_user\",\"x-defaultMethods\":[\"wedaCreate\",\"wedaUpdate\",\"wedaDelete\",\"wedaGetItem\",\"wedaGetRecords\",\"wedaGetList\",\"wedaBatchCreate\",\"wedaBatchUpdate\",\"wedaBatchDelete\"],\"type\":\"object\",\"title\":\"预制用户\",\"x-relatedType\":\"exist\",\"x-viewId\":\"view-3z8rexmwcg\",\"properties\":{\"sports_name\":{\"x-keyPath\":\"\",\"x-sortable\":false,\"x-id\":\"74c62d6\",\"format\":\"\",\"description\":\"\",\"x-layoutShow\":false,\"type\":\"string\",\"x-index\":52,\"title\":\"趣运动昵称\",\"x-unique\":false,\"x-required\":false,\"x-defaultSort\":\"asc\",\"maxLength\":4000},\"open_id\":{\"x-required\":false,\"x-keyPath\":\"\",\"x-defaultSort\":\"asc\",\"x-system\":true,\"x-sortable\":false,\"x-id\":\"a7c30ac\",\"format\":\"\",\"x-layoutShow\":false,\"x-index\":22,\"title\":\"微信id\",\"type\":\"string\",\"x-unique\":false},\"source\":{\"x-required\":true,\"x-keyPath\":\"\",\"x-defaultSort\":\"asc\",\"x-system\":true,\"x-sortable\":false,\"x-id\":\"d4eb866\",\"format\":\"\",\"x-layoutShow\":false,\"x-index\":38,\"title\":\"用户来源\",\"type\":\"number\",\"x-unique\":false},\"type\":{\"x-required\":true,\"x-keyPath\":\"\",\"x-defaultSort\":\"asc\",\"x-system\":true,\"x-sortable\":false,\"x-id\":\"7c5c6fb\",\"format\":\"\",\"x-layoutShow\":false,\"x-index\":12,\"title\":\"用户类型\",\"type\":\"number\",\"x-unique\":false},\"uuid\":{\"x-required\":false,\"x-keyPath\":\"\",\"x-defaultSort\":\"asc\",\"x-system\":true,\"x-sortable\":false,\"x-id\":\"9753d6f\",\"format\":\"\",\"x-layoutShow\":false,\"x-index\":20,\"title\":\"uuid\",\"type\":\"string\",\"x-unique\":false},\"main_dep\":{\"x-system\":true,\"x-sortable\":false,\"x-id\":\"5c82caf\",\"format\":\"father-son\",\"pattern\":\"\",\"x-layoutShow\":false,\"x-index\":32,\"title\":\"主岗部门\",\"type\":\"string\",\"x-unique\":false,\"x-parent\":{\"fatherAction\":\"judge\",\"parentViewId\":\"view-3jj0vs86tc\",\"type\":\"father-son\",\"parentDataSourceName\":\"sys_department\"},\"default\":\"\",\"x-defaultSort\":\"asc\",\"name\":\"main_dep\"},\"_sort\":{\"x-system\":true,\"x-sortable\":false,\"x-id\":\"491eade\",\"format\":\"\",\"pattern\":\"\",\"x-layoutShow\":false,\"x-index\":33,\"title\":\"权重\",\"type\":\"number\",\"x-unique\":false,\"default\":0,\"x-defaultSort\":\"asc\",\"name\":\"_sort\"},\"createdAt\":{\"default\":0,\"x-defaultSort\":\"asc\",\"x-system\":true,\"x-sortable\":false,\"x-id\":\"ae58cfc\",\"format\":\"datetime\",\"x-layoutShow\":false,\"x-index\":2,\"type\":\"number\",\"title\":\"创建时间\",\"x-unique\":false},\"updateBy\":{\"x-system\":true,\"x-sortable\":false,\"x-id\":\"93a079a\",\"format\":\"\",\"pattern\":\"\",\"x-layoutShow\":false,\"x-index\":6,\"type\":\"string\",\"title\":\"修改人\",\"x-unique\":false,\"default\":\"\",\"x-defaultSort\":\"asc\",\"name\":\"updateBy\"},\"project_id\":{\"x-required\":false,\"x-keyPath\":\"\",\"x-defaultSort\":\"asc\",\"x-system\":true,\"x-sortable\":false,\"x-id\":\"78d9d5e\",\"format\":\"\",\"x-layoutShow\":false,\"x-index\":30,\"title\":\"项目id\",\"type\":\"number\",\"x-unique\":false},\"sports_cellphone\":{\"x-required\":false,\"x-keyPath\":\"\",\"x-defaultSort\":\"asc\",\"x-sortable\":false,\"x-id\":\"8d37eb8\",\"format\":\"phone\",\"description\":\"\",\"x-layoutShow\":false,\"type\":\"string\",\"x-index\":50,\"title\":\"趣运动手机号\",\"x-unique\":false},\"sports_coin\":{\"x-keyPath\":\"\",\"x-sortable\":false,\"x-id\":\"b499f5c\",\"format\":\"\",\"numberCount\":0,\"description\":\"\",\"isEnum\":false,\"x-layoutShow\":false,\"type\":\"number\",\"x-index\":48,\"title\":\"趣运动能量币\",\"x-unique\":false,\"x-required\":false,\"x-defaultSort\":\"asc\",\"name\":\"sports_coin\"},\"uin\":{\"x-required\":true,\"x-keyPath\":\"\",\"x-defaultSort\":\"asc\",\"x-system\":true,\"x-sortable\":false,\"x-id\":\"60dd113\",\"format\":\"\",\"x-layoutShow\":false,\"x-index\":16,\"title\":\"集团用户id\",\"type\":\"string\",\"x-unique\":false},\"email\":{\"x-required\":false,\"x-keyPath\":\"\",\"x-defaultSort\":\"asc\",\"x-system\":true,\"x-sortable\":false,\"x-id\":\"7e5fec6\",\"format\":\"\",\"x-layoutShow\":false,\"x-index\":42,\"title\":\"邮箱\",\"type\":\"string\",\"x-unique\":false},\"updatedAt\":{\"default\":0,\"x-defaultSort\":\"asc\",\"x-system\":true,\"x-sortable\":false,\"x-id\":\"a615355\",\"format\":\"datetime\",\"x-layoutShow\":false,\"x-index\":3,\"title\":\"更新时间\",\"type\":\"number\",\"x-unique\":false},\"owner\":{\"x-system\":true,\"x-sortable\":false,\"x-id\":\"f5eb187\",\"format\":\"\",\"pattern\":\"\",\"x-layoutShow\":false,\"x-index\":4,\"title\":\"所有人\",\"type\":\"string\",\"x-unique\":false,\"default\":\"\",\"x-defaultSort\":\"asc\",\"name\":\"owner\"},\"parent_user_id\":{\"x-keyPath\":\"\",\"x-system\":true,\"x-sortable\":false,\"x-id\":\"739561d\",\"format\":\"\",\"description\":\"\",\"x-layoutShow\":false,\"type\":\"string\",\"x-index\":18,\"title\":\"直属上级id\",\"x-unique\":false,\"x-required\":false,\"x-defaultSort\":\"asc\"},\"sports_avatar\":{\"x-keyPath\":\"\",\"x-sortable\":false,\"x-id\":\"70205d1\",\"format\":\"x-image\",\"description\":\"\",\"x-layoutShow\":false,\"type\":\"string\",\"x-index\":54,\"title\":\"趣运动头像\",\"x-unique\":false,\"x-image-size\":10485760,\"x-required\":false,\"x-defaultSort\":\"asc\"},\"user_desc\":{\"x-required\":false,\"x-keyPath\":\"\",\"x-defaultSort\":\"asc\",\"x-system\":true,\"x-sortable\":false,\"x-id\":\"9a55084\",\"format\":\"\",\"x-layoutShow\":false,\"x-index\":24,\"title\":\"用户描述\",\"type\":\"string\",\"x-unique\":false},\"wechat_user_id\":{\"x-required\":false,\"x-keyPath\":\"\",\"x-defaultSort\":\"asc\",\"x-system\":true,\"x-sortable\":false,\"x-id\":\"b38707c\",\"format\":\"\",\"x-layoutShow\":false,\"x-index\":40,\"title\":\"企业微信用户id\",\"type\":\"string\",\"x-unique\":false},\"createBy\":{\"x-system\":true,\"x-sortable\":false,\"x-id\":\"67c05c6\",\"format\":\"\",\"pattern\":\"\",\"x-layoutShow\":false,\"x-index\":5,\"type\":\"string\",\"title\":\"创建人\",\"x-unique\":false,\"default\":\"\",\"x-defaultSort\":\"asc\",\"name\":\"createBy\"},\"env_id\":{\"x-required\":false,\"x-keyPath\":\"\",\"x-defaultSort\":\"asc\",\"x-system\":true,\"x-sortable\":false,\"x-id\":\"64b4305\",\"format\":\"\",\"x-layoutShow\":false,\"x-index\":28,\"title\":\"env_id\",\"type\":\"string\",\"x-unique\":false},\"phone\":{\"x-required\":false,\"x-keyPath\":\"\",\"x-defaultSort\":\"asc\",\"x-system\":true,\"x-sortable\":false,\"x-id\":\"860acca\",\"format\":\"\",\"x-layoutShow\":false,\"x-index\":44,\"title\":\"手机号\",\"type\":\"string\",\"x-unique\":false},\"nick_name\":{\"x-required\":false,\"x-keyPath\":\"\",\"x-defaultSort\":\"asc\",\"x-system\":true,\"x-sortable\":false,\"x-id\":\"75d6703\",\"format\":\"\",\"x-layoutShow\":false,\"x-index\":26,\"title\":\"用户昵称\",\"type\":\"string\",\"x-unique\":false},\"name\":{\"x-required\":false,\"x-keyPath\":\"\",\"x-defaultSort\":\"asc\",\"x-system\":true,\"x-sortable\":false,\"x-id\":\"807f2ae\",\"format\":\"\",\"x-layoutShow\":false,\"x-index\":10,\"title\":\"用户名称\",\"type\":\"string\",\"x-unique\":false},\"internal_user_type\":{\"x-required\":false,\"x-keyPath\":\"\",\"x-defaultSort\":\"asc\",\"x-system\":true,\"x-sortable\":false,\"x-id\":\"a9e2769\",\"format\":\"\",\"x-layoutShow\":false,\"x-index\":14,\"title\":\"内部用户类型\",\"type\":\"number\",\"x-unique\":false},\"_id\":{\"default\":\"\",\"x-defaultSort\":\"asc\",\"x-system\":true,\"x-sortable\":false,\"x-id\":\"95411d4\",\"format\":\"\",\"pattern\":\"\",\"x-layoutShow\":false,\"x-index\":1,\"type\":\"string\",\"title\":\"数据标识\",\"x-unique\":true},\"corp_id\":{\"x-required\":false,\"x-keyPath\":\"\",\"x-defaultSort\":\"asc\",\"x-system\":true,\"x-sortable\":false,\"x-id\":\"6d924b1\",\"format\":\"\",\"x-layoutShow\":false,\"x-index\":36,\"title\":\"企业id\",\"type\":\"string\",\"x-unique\":false},\"sub_uin\":{\"x-required\":true,\"x-keyPath\":\"\",\"x-defaultSort\":\"asc\",\"x-system\":true,\"x-sortable\":false,\"x-id\":\"6938a05\",\"format\":\"\",\"x-layoutShow\":false,\"x-index\":18,\"title\":\"子用户id\",\"type\":\"string\",\"x-unique\":false},\"cskzzd\":{\"x-keyPath\":\"\",\"x-sortable\":false,\"x-id\":\"b00a95b\",\"format\":\"\",\"description\":\"111\",\"x-layoutShow\":false,\"type\":\"string\",\"x-index\":46,\"title\":\"测试扩展字段\",\"x-unique\":false,\"x-required\":false,\"x-defaultSort\":\"asc\",\"maxLength\":4000}},\"required\":[\"source\",\"type\",\"uin\",\"sub_uin\"]}","subAccountUin":"100010952056","updateAt":1688989451000,"title":"用户","createAt":1688989451000,"tableName":"lcap-data-2ryjBDt3j-sys_user","datasourceId":"data-2ryjBDt3j","id":21764854,"state":5,"uin":"100010952056","versionType":1,"isDelete":0,"envId":"lowcode-4g78t5sbfa9e4317","version":1.0,"tableNamePreview":"lcap-data-2ryjBDt3j-sys_user-preview","viewId":"view-4hfbiio5z4","name":"sys_user","viewType":"RELATION_VIEW","desc":"内置数据源"},{"schema":"{\"x-parentRelationKey\":\"@updateBy\",\"x-primary-column\":\"name\",\"x-kind\":\"tcb\",\"name\":\"sys_user\",\"x-defaultMethods\":[\"wedaCreate\",\"wedaUpdate\",\"wedaDelete\",\"wedaGetItem\",\"wedaGetRecords\",\"wedaGetList\",\"wedaBatchCreate\",\"wedaBatchUpdate\",\"wedaBatchDelete\"],\"type\":\"object\",\"title\":\"预制用户\",\"x-relatedType\":\"exist\",\"x-viewId\":\"view-3z8rexmwcg\",\"properties\":{\"sports_name\":{\"x-keyPath\":\"\",\"x-sortable\":false,\"x-id\":\"74c62d6\",\"format\":\"\",\"description\":\"\",\"x-layoutShow\":false,\"type\":\"string\",\"x-index\":52,\"title\":\"趣运动昵称\",\"x-unique\":false,\"x-required\":false,\"x-defaultSort\":\"asc\",\"maxLength\":4000},\"open_id\":{\"x-required\":false,\"x-keyPath\":\"\",\"x-defaultSort\":\"asc\",\"x-system\":true,\"x-sortable\":false,\"x-id\":\"a7c30ac\",\"format\":\"\",\"x-layoutShow\":false,\"x-index\":22,\"title\":\"微信id\",\"type\":\"string\",\"x-unique\":false},\"source\":{\"x-required\":true,\"x-keyPath\":\"\",\"x-defaultSort\":\"asc\",\"x-system\":true,\"x-sortable\":false,\"x-id\":\"d4eb866\",\"format\":\"\",\"x-layoutShow\":false,\"x-index\":38,\"title\":\"用户来源\",\"type\":\"number\",\"x-unique\":false},\"type\":{\"x-required\":true,\"x-keyPath\":\"\",\"x-defaultSort\":\"asc\",\"x-system\":true,\"x-sortable\":false,\"x-id\":\"7c5c6fb\",\"format\":\"\",\"x-layoutShow\":false,\"x-index\":12,\"title\":\"用户类型\",\"type\":\"number\",\"x-unique\":false},\"uuid\":{\"x-required\":false,\"x-keyPath\":\"\",\"x-defaultSort\":\"asc\",\"x-system\":true,\"x-sortable\":false,\"x-id\":\"9753d6f\",\"format\":\"\",\"x-layoutShow\":false,\"x-index\":20,\"title\":\"uuid\",\"type\":\"string\",\"x-unique\":false},\"main_dep\":{\"x-system\":true,\"x-sortable\":false,\"x-id\":\"5c82caf\",\"format\":\"father-son\",\"pattern\":\"\",\"x-layoutShow\":false,\"x-index\":32,\"title\":\"主岗部门\",\"type\":\"string\",\"x-unique\":false,\"x-parent\":{\"fatherAction\":\"judge\",\"parentViewId\":\"view-3jj0vs86tc\",\"type\":\"father-son\",\"parentDataSourceName\":\"sys_department\"},\"default\":\"\",\"x-defaultSort\":\"asc\",\"name\":\"main_dep\"},\"_sort\":{\"x-system\":true,\"x-sortable\":false,\"x-id\":\"491eade\",\"format\":\"\",\"pattern\":\"\",\"x-layoutShow\":false,\"x-index\":33,\"title\":\"权重\",\"type\":\"number\",\"x-unique\":false,\"default\":0,\"x-defaultSort\":\"asc\",\"name\":\"_sort\"},\"createdAt\":{\"default\":0,\"x-defaultSort\":\"asc\",\"x-system\":true,\"x-sortable\":false,\"x-id\":\"ae58cfc\",\"format\":\"datetime\",\"x-layoutShow\":false,\"x-index\":2,\"type\":\"number\",\"title\":\"创建时间\",\"x-unique\":false},\"updateBy\":{\"x-system\":true,\"x-sortable\":false,\"x-id\":\"93a079a\",\"format\":\"\",\"pattern\":\"\",\"x-layoutShow\":false,\"x-index\":6,\"type\":\"string\",\"title\":\"修改人\",\"x-unique\":false,\"default\":\"\",\"x-defaultSort\":\"asc\",\"name\":\"updateBy\"},\"project_id\":{\"x-required\":false,\"x-keyPath\":\"\",\"x-defaultSort\":\"asc\",\"x-system\":true,\"x-sortable\":false,\"x-id\":\"78d9d5e\",\"format\":\"\",\"x-layoutShow\":false,\"x-index\":30,\"title\":\"项目id\",\"type\":\"number\",\"x-unique\":false},\"sports_cellphone\":{\"x-required\":false,\"x-keyPath\":\"\",\"x-defaultSort\":\"asc\",\"x-sortable\":false,\"x-id\":\"8d37eb8\",\"format\":\"phone\",\"description\":\"\",\"x-layoutShow\":false,\"type\":\"string\",\"x-index\":50,\"title\":\"趣运动手机号\",\"x-unique\":false},\"sports_coin\":{\"x-keyPath\":\"\",\"x-sortable\":false,\"x-id\":\"b499f5c\",\"format\":\"\",\"numberCount\":0,\"description\":\"\",\"isEnum\":false,\"x-layoutShow\":false,\"type\":\"number\",\"x-index\":48,\"title\":\"趣运动能量币\",\"x-unique\":false,\"x-required\":false,\"x-defaultSort\":\"asc\",\"name\":\"sports_coin\"},\"uin\":{\"x-required\":true,\"x-keyPath\":\"\",\"x-defaultSort\":\"asc\",\"x-system\":true,\"x-sortable\":false,\"x-id\":\"60dd113\",\"format\":\"\",\"x-layoutShow\":false,\"x-index\":16,\"title\":\"集团用户id\",\"type\":\"string\",\"x-unique\":false},\"email\":{\"x-required\":false,\"x-keyPath\":\"\",\"x-defaultSort\":\"asc\",\"x-system\":true,\"x-sortable\":false,\"x-id\":\"7e5fec6\",\"format\":\"\",\"x-layoutShow\":false,\"x-index\":42,\"title\":\"邮箱\",\"type\":\"string\",\"x-unique\":false},\"updatedAt\":{\"default\":0,\"x-defaultSort\":\"asc\",\"x-system\":true,\"x-sortable\":false,\"x-id\":\"a615355\",\"format\":\"datetime\",\"x-layoutShow\":false,\"x-index\":3,\"title\":\"更新时间\",\"type\":\"number\",\"x-unique\":false},\"owner\":{\"x-system\":true,\"x-sortable\":false,\"x-id\":\"f5eb187\",\"format\":\"\",\"pattern\":\"\",\"x-layoutShow\":false,\"x-index\":4,\"title\":\"所有人\",\"type\":\"string\",\"x-unique\":false,\"default\":\"\",\"x-defaultSort\":\"asc\",\"name\":\"owner\"},\"parent_user_id\":{\"x-keyPath\":\"\",\"x-system\":true,\"x-sortable\":false,\"x-id\":\"739561d\",\"format\":\"\",\"description\":\"\",\"x-layoutShow\":false,\"type\":\"string\",\"x-index\":18,\"title\":\"直属上级id\",\"x-unique\":false,\"x-required\":false,\"x-defaultSort\":\"asc\"},\"sports_avatar\":{\"x-keyPath\":\"\",\"x-sortable\":false,\"x-id\":\"70205d1\",\"format\":\"x-image\",\"description\":\"\",\"x-layoutShow\":false,\"type\":\"string\",\"x-index\":54,\"title\":\"趣运动头像\",\"x-unique\":false,\"x-image-size\":10485760,\"x-required\":false,\"x-defaultSort\":\"asc\"},\"user_desc\":{\"x-required\":false,\"x-keyPath\":\"\",\"x-defaultSort\":\"asc\",\"x-system\":true,\"x-sortable\":false,\"x-id\":\"9a55084\",\"format\":\"\",\"x-layoutShow\":false,\"x-index\":24,\"title\":\"用户描述\",\"type\":\"string\",\"x-unique\":false},\"wechat_user_id\":{\"x-required\":false,\"x-keyPath\":\"\",\"x-defaultSort\":\"asc\",\"x-system\":true,\"x-sortable\":false,\"x-id\":\"b38707c\",\"format\":\"\",\"x-layoutShow\":false,\"x-index\":40,\"title\":\"企业微信用户id\",\"type\":\"string\",\"x-unique\":false},\"createBy\":{\"x-system\":true,\"x-sortable\":false,\"x-id\":\"67c05c6\",\"format\":\"\",\"pattern\":\"\",\"x-layoutShow\":false,\"x-index\":5,\"type\":\"string\",\"title\":\"创建人\",\"x-unique\":false,\"default\":\"\",\"x-defaultSort\":\"asc\",\"name\":\"createBy\"},\"env_id\":{\"x-required\":false,\"x-keyPath\":\"\",\"x-defaultSort\":\"asc\",\"x-system\":true,\"x-sortable\":false,\"x-id\":\"64b4305\",\"format\":\"\",\"x-layoutShow\":false,\"x-index\":28,\"title\":\"env_id\",\"type\":\"string\",\"x-unique\":false},\"phone\":{\"x-required\":false,\"x-keyPath\":\"\",\"x-defaultSort\":\"asc\",\"x-system\":true,\"x-sortable\":false,\"x-id\":\"860acca\",\"format\":\"\",\"x-layoutShow\":false,\"x-index\":44,\"title\":\"手机号\",\"type\":\"string\",\"x-unique\":false},\"nick_name\":{\"x-required\":false,\"x-keyPath\":\"\",\"x-defaultSort\":\"asc\",\"x-system\":true,\"x-sortable\":false,\"x-id\":\"75d6703\",\"format\":\"\",\"x-layoutShow\":false,\"x-index\":26,\"title\":\"用户昵称\",\"type\":\"string\",\"x-unique\":false},\"name\":{\"x-required\":false,\"x-keyPath\":\"\",\"x-defaultSort\":\"asc\",\"x-system\":true,\"x-sortable\":false,\"x-id\":\"807f2ae\",\"format\":\"\",\"x-layoutShow\":false,\"x-index\":10,\"title\":\"用户名称\",\"type\":\"string\",\"x-unique\":false},\"internal_user_type\":{\"x-required\":false,\"x-keyPath\":\"\",\"x-defaultSort\":\"asc\",\"x-system\":true,\"x-sortable\":false,\"x-id\":\"a9e2769\",\"format\":\"\",\"x-layoutShow\":false,\"x-index\":14,\"title\":\"内部用户类型\",\"type\":\"number\",\"x-unique\":false},\"_id\":{\"default\":\"\",\"x-defaultSort\":\"asc\",\"x-system\":true,\"x-sortable\":false,\"x-id\":\"95411d4\",\"format\":\"\",\"pattern\":\"\",\"x-layoutShow\":false,\"x-index\":1,\"type\":\"string\",\"title\":\"数据标识\",\"x-unique\":true},\"corp_id\":{\"x-required\":false,\"x-keyPath\":\"\",\"x-defaultSort\":\"asc\",\"x-system\":true,\"x-sortable\":false,\"x-id\":\"6d924b1\",\"format\":\"\",\"x-layoutShow\":false,\"x-index\":36,\"title\":\"企业id\",\"type\":\"string\",\"x-unique\":false},\"sub_uin\":{\"x-required\":true,\"x-keyPath\":\"\",\"x-defaultSort\":\"asc\",\"x-system\":true,\"x-sortable\":false,\"x-id\":\"6938a05\",\"format\":\"\",\"x-layoutShow\":false,\"x-index\":18,\"title\":\"子用户id\",\"type\":\"string\",\"x-unique\":false},\"cskzzd\":{\"x-keyPath\":\"\",\"x-sortable\":false,\"x-id\":\"b00a95b\",\"format\":\"\",\"description\":\"111\",\"x-layoutShow\":false,\"type\":\"string\",\"x-index\":46,\"title\":\"测试扩展字段\",\"x-unique\":false,\"x-required\":false,\"x-defaultSort\":\"asc\",\"maxLength\":4000}},\"required\":[\"source\",\"type\",\"uin\",\"sub_uin\"]}","subAccountUin":"100010952056","updateAt":1688989451000,"title":"用户","createAt":1688989451000,"tableName":"lcap-data-2ryjBDt3j-sys_user","datasourceId":"data-2ryjBDt3j","id":21764855,"state":5,"uin":"100010952056","versionType":1,"isDelete":0,"envId":"lowcode-4g78t5sbfa9e4317","version":1.0,"tableNamePreview":"lcap-data-2ryjBDt3j-sys_user-preview","viewId":"view-4hfbiipqv4","name":"sys_user","viewType":"RELATION_VIEW","desc":"内置数据源"},{"schema":"{\"x-parentRelationKey\":\"@user_id\",\"x-primary-column\":\"name\",\"x-kind\":\"tcb\",\"name\":\"sys_user\",\"x-defaultMethods\":[\"wedaCreate\",\"wedaUpdate\",\"wedaDelete\",\"wedaGetItem\",\"wedaGetRecords\",\"wedaGetList\",\"wedaBatchCreate\",\"wedaBatchUpdate\",\"wedaBatchDelete\"],\"type\":\"object\",\"title\":\"预制用户\",\"x-relatedType\":\"exist\",\"x-viewId\":\"view-3z8rexmwcg\",\"properties\":{\"sports_name\":{\"x-keyPath\":\"\",\"x-sortable\":false,\"x-id\":\"74c62d6\",\"format\":\"\",\"description\":\"\",\"x-layoutShow\":false,\"type\":\"string\",\"x-index\":52,\"title\":\"趣运动昵称\",\"x-unique\":false,\"x-required\":false,\"x-defaultSort\":\"asc\",\"maxLength\":4000},\"open_id\":{\"x-required\":false,\"x-keyPath\":\"\",\"x-defaultSort\":\"asc\",\"x-system\":true,\"x-sortable\":false,\"x-id\":\"a7c30ac\",\"format\":\"\",\"x-layoutShow\":false,\"x-index\":22,\"title\":\"微信id\",\"type\":\"string\",\"x-unique\":false},\"source\":{\"x-required\":true,\"x-keyPath\":\"\",\"x-defaultSort\":\"asc\",\"x-system\":true,\"x-sortable\":false,\"x-id\":\"d4eb866\",\"format\":\"\",\"x-layoutShow\":false,\"x-index\":38,\"title\":\"用户来源\",\"type\":\"number\",\"x-unique\":false},\"type\":{\"x-required\":true,\"x-keyPath\":\"\",\"x-defaultSort\":\"asc\",\"x-system\":true,\"x-sortable\":false,\"x-id\":\"7c5c6fb\",\"format\":\"\",\"x-layoutShow\":false,\"x-index\":12,\"title\":\"用户类型\",\"type\":\"number\",\"x-unique\":false},\"uuid\":{\"x-required\":false,\"x-keyPath\":\"\",\"x-defaultSort\":\"asc\",\"x-system\":true,\"x-sortable\":false,\"x-id\":\"9753d6f\",\"format\":\"\",\"x-layoutShow\":false,\"x-index\":20,\"title\":\"uuid\",\"type\":\"string\",\"x-unique\":false},\"main_dep\":{\"x-system\":true,\"x-sortable\":false,\"x-id\":\"5c82caf\",\"format\":\"father-son\",\"pattern\":\"\",\"x-layoutShow\":false,\"x-index\":32,\"title\":\"主岗部门\",\"type\":\"string\",\"x-unique\":false,\"x-parent\":{\"fatherAction\":\"judge\",\"parentViewId\":\"view-3jj0vs86tc\",\"type\":\"father-son\",\"parentDataSourceName\":\"sys_department\"},\"default\":\"\",\"x-defaultSort\":\"asc\",\"name\":\"main_dep\"},\"_sort\":{\"x-system\":true,\"x-sortable\":false,\"x-id\":\"491eade\",\"format\":\"\",\"pattern\":\"\",\"x-layoutShow\":false,\"x-index\":33,\"title\":\"权重\",\"type\":\"number\",\"x-unique\":false,\"default\":0,\"x-defaultSort\":\"asc\",\"name\":\"_sort\"},\"createdAt\":{\"default\":0,\"x-defaultSort\":\"asc\",\"x-system\":true,\"x-sortable\":false,\"x-id\":\"ae58cfc\",\"format\":\"datetime\",\"x-layoutShow\":false,\"x-index\":2,\"type\":\"number\",\"title\":\"创建时间\",\"x-unique\":false},\"updateBy\":{\"x-system\":true,\"x-sortable\":false,\"x-id\":\"93a079a\",\"format\":\"\",\"pattern\":\"\",\"x-layoutShow\":false,\"x-index\":6,\"type\":\"string\",\"title\":\"修改人\",\"x-unique\":false,\"default\":\"\",\"x-defaultSort\":\"asc\",\"name\":\"updateBy\"},\"project_id\":{\"x-required\":false,\"x-keyPath\":\"\",\"x-defaultSort\":\"asc\",\"x-system\":true,\"x-sortable\":false,\"x-id\":\"78d9d5e\",\"format\":\"\",\"x-layoutShow\":false,\"x-index\":30,\"title\":\"项目id\",\"type\":\"number\",\"x-unique\":false},\"sports_cellphone\":{\"x-required\":false,\"x-keyPath\":\"\",\"x-defaultSort\":\"asc\",\"x-sortable\":false,\"x-id\":\"8d37eb8\",\"format\":\"phone\",\"description\":\"\",\"x-layoutShow\":false,\"type\":\"string\",\"x-index\":50,\"title\":\"趣运动手机号\",\"x-unique\":false},\"sports_coin\":{\"x-keyPath\":\"\",\"x-sortable\":false,\"x-id\":\"b499f5c\",\"format\":\"\",\"numberCount\":0,\"description\":\"\",\"isEnum\":false,\"x-layoutShow\":false,\"type\":\"number\",\"x-index\":48,\"title\":\"趣运动能量币\",\"x-unique\":false,\"x-required\":false,\"x-defaultSort\":\"asc\",\"name\":\"sports_coin\"},\"uin\":{\"x-required\":true,\"x-keyPath\":\"\",\"x-defaultSort\":\"asc\",\"x-system\":true,\"x-sortable\":false,\"x-id\":\"60dd113\",\"format\":\"\",\"x-layoutShow\":false,\"x-index\":16,\"title\":\"集团用户id\",\"type\":\"string\",\"x-unique\":false},\"email\":{\"x-required\":false,\"x-keyPath\":\"\",\"x-defaultSort\":\"asc\",\"x-system\":true,\"x-sortable\":false,\"x-id\":\"7e5fec6\",\"format\":\"\",\"x-layoutShow\":false,\"x-index\":42,\"title\":\"邮箱\",\"type\":\"string\",\"x-unique\":false},\"updatedAt\":{\"default\":0,\"x-defaultSort\":\"asc\",\"x-system\":true,\"x-sortable\":false,\"x-id\":\"a615355\",\"format\":\"datetime\",\"x-layoutShow\":false,\"x-index\":3,\"title\":\"更新时间\",\"type\":\"number\",\"x-unique\":false},\"owner\":{\"x-system\":true,\"x-sortable\":false,\"x-id\":\"f5eb187\",\"format\":\"\",\"pattern\":\"\",\"x-layoutShow\":false,\"x-index\":4,\"title\":\"所有人\",\"type\":\"string\",\"x-unique\":false,\"default\":\"\",\"x-defaultSort\":\"asc\",\"name\":\"owner\"},\"parent_user_id\":{\"x-keyPath\":\"\",\"x-system\":true,\"x-sortable\":false,\"x-id\":\"739561d\",\"format\":\"\",\"description\":\"\",\"x-layoutShow\":false,\"type\":\"string\",\"x-index\":18,\"title\":\"直属上级id\",\"x-unique\":false,\"x-required\":false,\"x-defaultSort\":\"asc\"},\"sports_avatar\":{\"x-keyPath\":\"\",\"x-sortable\":false,\"x-id\":\"70205d1\",\"format\":\"x-image\",\"description\":\"\",\"x-layoutShow\":false,\"type\":\"string\",\"x-index\":54,\"title\":\"趣运动头像\",\"x-unique\":false,\"x-image-size\":10485760,\"x-required\":false,\"x-defaultSort\":\"asc\"},\"user_desc\":{\"x-required\":false,\"x-keyPath\":\"\",\"x-defaultSort\":\"asc\",\"x-system\":true,\"x-sortable\":false,\"x-id\":\"9a55084\",\"format\":\"\",\"x-layoutShow\":false,\"x-index\":24,\"title\":\"用户描述\",\"type\":\"string\",\"x-unique\":false},\"wechat_user_id\":{\"x-required\":false,\"x-keyPath\":\"\",\"x-defaultSort\":\"asc\",\"x-system\":true,\"x-sortable\":false,\"x-id\":\"b38707c\",\"format\":\"\",\"x-layoutShow\":false,\"x-index\":40,\"title\":\"企业微信用户id\",\"type\":\"string\",\"x-unique\":false},\"createBy\":{\"x-system\":true,\"x-sortable\":false,\"x-id\":\"67c05c6\",\"format\":\"\",\"pattern\":\"\",\"x-layoutShow\":false,\"x-index\":5,\"type\":\"string\",\"title\":\"创建人\",\"x-unique\":false,\"default\":\"\",\"x-defaultSort\":\"asc\",\"name\":\"createBy\"},\"env_id\":{\"x-required\":false,\"x-keyPath\":\"\",\"x-defaultSort\":\"asc\",\"x-system\":true,\"x-sortable\":false,\"x-id\":\"64b4305\",\"format\":\"\",\"x-layoutShow\":false,\"x-index\":28,\"title\":\"env_id\",\"type\":\"string\",\"x-unique\":false},\"phone\":{\"x-required\":false,\"x-keyPath\":\"\",\"x-defaultSort\":\"asc\",\"x-system\":true,\"x-sortable\":false,\"x-id\":\"860acca\",\"format\":\"\",\"x-layoutShow\":false,\"x-index\":44,\"title\":\"手机号\",\"type\":\"string\",\"x-unique\":false},\"nick_name\":{\"x-required\":false,\"x-keyPath\":\"\",\"x-defaultSort\":\"asc\",\"x-system\":true,\"x-sortable\":false,\"x-id\":\"75d6703\",\"format\":\"\",\"x-layoutShow\":false,\"x-index\":26,\"title\":\"用户昵称\",\"type\":\"string\",\"x-unique\":false},\"name\":{\"x-required\":false,\"x-keyPath\":\"\",\"x-defaultSort\":\"asc\",\"x-system\":true,\"x-sortable\":false,\"x-id\":\"807f2ae\",\"format\":\"\",\"x-layoutShow\":false,\"x-index\":10,\"title\":\"用户名称\",\"type\":\"string\",\"x-unique\":false},\"internal_user_type\":{\"x-required\":false,\"x-keyPath\":\"\",\"x-defaultSort\":\"asc\",\"x-system\":true,\"x-sortable\":false,\"x-id\":\"a9e2769\",\"format\":\"\",\"x-layoutShow\":false,\"x-index\":14,\"title\":\"内部用户类型\",\"type\":\"number\",\"x-unique\":false},\"_id\":{\"default\":\"\",\"x-defaultSort\":\"asc\",\"x-system\":true,\"x-sortable\":false,\"x-id\":\"95411d4\",\"format\":\"\",\"pattern\":\"\",\"x-layoutShow\":false,\"x-index\":1,\"type\":\"string\",\"title\":\"数据标识\",\"x-unique\":true},\"corp_id\":{\"x-required\":false,\"x-keyPath\":\"\",\"x-defaultSort\":\"asc\",\"x-system\":true,\"x-sortable\":false,\"x-id\":\"6d924b1\",\"format\":\"\",\"x-layoutShow\":false,\"x-index\":36,\"title\":\"企业id\",\"type\":\"string\",\"x-unique\":false},\"sub_uin\":{\"x-required\":true,\"x-keyPath\":\"\",\"x-defaultSort\":\"asc\",\"x-system\":true,\"x-sortable\":false,\"x-id\":\"6938a05\",\"format\":\"\",\"x-layoutShow\":false,\"x-index\":18,\"title\":\"子用户id\",\"type\":\"string\",\"x-unique\":false},\"cskzzd\":{\"x-keyPath\":\"\",\"x-sortable\":false,\"x-id\":\"b00a95b\",\"format\":\"\",\"description\":\"111\",\"x-layoutShow\":false,\"type\":\"string\",\"x-index\":46,\"title\":\"测试扩展字段\",\"x-unique\":false,\"x-required\":false,\"x-defaultSort\":\"asc\",\"maxLength\":4000}},\"required\":[\"source\",\"type\",\"uin\",\"sub_uin\"]}","subAccountUin":"100010952056","updateAt":1688992855000,"title":"用户","createAt":1688992855000,"tableName":"lcap-data-2ryjBDt3j-sys_user","datasourceId":"data-2ryjBDt3j","id":21767378,"state":5,"uin":"100010952056","versionType":1,"isDelete":0,"envId":"lowcode-4g78t5sbfa9e4317","version":1.0,"tableNamePreview":"lcap-data-2ryjBDt3j-sys_user-preview","viewId":"view-4hfhx3qhts","name":"sys_user","viewType":"RELATION_VIEW","desc":"内置数据源"}],"DataSourceList":[{"schema":"{\"x-primary-column\":\"name\",\"x-kind\":\"tcb\",\"x-defaultMethods\":[\"wedaCreate\",\"wedaUpdate\",\"wedaDelete\",\"wedaGetItem\",\"wedaGetRecords\",\"wedaGetList\",\"wedaBatchCreate\",\"wedaBatchUpdate\",\"wedaBatchDelete\"],\"type\":\"object\",\"x-relatedType\":\"exist\",\"x-viewId\":\"view-4jabfxhpts\",\"required\":[],\"properties\":{\"owner\":{\"default\":\"\",\"x-system\":true,\"x-id\":\"1227412\",\"name\":\"owner\",\"format\":\"father-son\",\"pattern\":\"\",\"x-index\":4,\"title\":\"所有人\",\"type\":\"string\",\"x-unique\":false,\"x-parent\":{\"fatherAction\":\"judge\",\"parentViewId\":\"view-4hk1siwgn4\",\"type\":\"father-son\",\"parentDataSourceName\":\"sys_user\"}},\"createdAt\":{\"default\":0,\"x-system\":true,\"x-id\":\"f49240c\",\"format\":\"datetime\",\"x-index\":2,\"type\":\"number\",\"title\":\"创建时间\",\"x-unique\":false},\"createBy\":{\"default\":\"\",\"x-system\":true,\"x-id\":\"e1d74a3\",\"name\":\"createBy\",\"format\":\"father-son\",\"pattern\":\"\",\"x-index\":5,\"type\":\"string\",\"title\":\"创建人\",\"x-unique\":false,\"x-parent\":{\"fatherAction\":\"judge\",\"parentViewId\":\"view-4hk1siwgn4\",\"type\":\"father-son\",\"parentDataSourceName\":\"sys_user\"}},\"updateBy\":{\"default\":\"\",\"x-system\":true,\"x-id\":\"93a079a\",\"name\":\"updateBy\",\"format\":\"father-son\",\"pattern\":\"\",\"x-index\":6,\"type\":\"string\",\"title\":\"修改人\",\"x-unique\":false,\"x-parent\":{\"fatherAction\":\"judge\",\"parentViewId\":\"view-4hk1siwgn4\",\"type\":\"father-son\",\"parentDataSourceName\":\"sys_user\"}},\"user_id\":{\"x-required\":false,\"x-keyPath\":\"\",\"x-id\":\"7d6c805\",\"format\":\"father-son\",\"description\":\"\",\"type\":\"string\",\"x-index\":17,\"title\":\"用户id\",\"x-unique\":true,\"x-parent\":{\"fatherAction\":\"prompt-not-delete\",\"parentViewId\":\"view-4hk1siwgn4\",\"type\":\"father-son\",\"parentDataSourceName\":\"sys_user\"}},\"_departmentList\":{\"default\":\"\",\"x-system\":true,\"x-id\":\"c7dd8e7\",\"format\":\"\",\"name\":\"_departmentList\",\"title\":\"所属部门\",\"type\":\"array\",\"x-index\":7,\"items\":{\"type\":\"string\"},\"x-unique\":false},\"name\":{\"x-required\":false,\"x-keyPath\":\"\",\"x-id\":\"abcf336\",\"format\":\"\",\"name\":\"name\",\"description\":\"\",\"isEnum\":false,\"type\":\"string\",\"x-index\":9,\"title\":\"用户昵称\",\"x-unique\":false,\"maxLength\":4000},\"sports_coin\":{\"x-required\":false,\"x-keyPath\":\"\",\"x-id\":\"72f3309\",\"format\":\"\",\"numberCount\":0,\"name\":\"sports_coin\",\"description\":\"\",\"isEnum\":false,\"type\":\"number\",\"x-index\":15,\"title\":\"运动能量币\",\"x-unique\":false},\"_id\":{\"default\":\"\",\"x-system\":true,\"x-id\":\"18723af\",\"format\":\"\",\"pattern\":\"\",\"x-index\":1,\"type\":\"string\",\"title\":\"数据标识\",\"x-unique\":true},\"avatar\":{\"x-image-size\":10485760,\"x-required\":false,\"x-keyPath\":\"\",\"x-id\":\"7ce7e04\",\"format\":\"x-image\",\"description\":\"\",\"type\":\"string\",\"x-index\":19,\"title\":\"头像\",\"x-unique\":false},\"updatedAt\":{\"default\":0,\"x-system\":true,\"x-id\":\"cd109e2\",\"format\":\"datetime\",\"x-index\":3,\"title\":\"更新时间\",\"type\":\"number\",\"x-unique\":false}}}","schemaMethods":"[]","title":"趣运动_用户表","type":"database","id":"data-35ZqqchUk","pkgId":"lowcode-4g78t5sbfa9e4317","scfStatus":1,"name":"sport_user_we79xzb","scfPubStatus":1,"subType":"database"}],"DatasourceRelationList":[]}